
CREATE TABLE Hotel (
    HotelID INTEGER PRIMARY KEY,
    Nazwa TEXT,
    Miasto TEXT,
    Kraj TEXT,
    Adres TEXT,
    Standard INTEGER
);
CREATE TABLE Pokoj (
    PokojID INTEGER PRIMARY KEY,
    HotelID INTEGER,
    Numer INTEGER,
    Typ TEXT,
    CenaZaNoc REAL,
    LiczbaMiejsc INTEGER
);
CREATE TABLE Klient (
    KlientID INTEGER PRIMARY KEY,
    Imie TEXT,
    Nazwisko TEXT,
    Email TEXT,
    Telefon TEXT,
    Segment TEXT,
    KrajPochodzenia TEXT
);
CREATE TABLE Rezerwacja (
    RezerwacjaID INTEGER PRIMARY KEY,
    PokojID INTEGER,
    KlientID INTEGER,
    DataZlozenia TEXT,
    DataPrzyjazdu TEXT,
    DataWyjazdu TEXT,
    LiczbaGosci INTEGER,
    Status TEXT,
    Kanal TEXT
);

INSERT INTO Hotel VALUES
(1, 'SeaView Resort', 'Gdańsk', 'Polska', 'ul. Nadmorska 12', 5),
(2, 'Baltic Horizon', 'Gdynia', 'Polska', 'ul. Morska 8', 4),
(3, 'Sopot Beach Hotel', 'Sopot', 'Polska', 'ul. Plażowa 5', 4),
(4, 'Kołobrzeg Spa & Wellness', 'Kołobrzeg', 'Polska', 'ul. Bałtycka 22', 4),
(5, 'Mountain Lodge', 'Zakopane', 'Polska', 'ul. Górska 14', 3),
(6, 'Karpacz Alpine Hotel', 'Karpacz', 'Polska', 'ul. Szrenicka 3', 4),
(7, 'Sudecka Panorama', 'Szklarska Poręba', 'Polska', 'ul. Widokowa 18', 4),
(8, 'City Center Inn', 'Warszawa', 'Polska', 'ul. Centralna 10', 4),
(9, 'Wrocław Business Hotel', 'Wrocław', 'Polska', 'ul. Grabiszyńska 55', 4),
(10, 'Kraków Corporate Suites', 'Kraków', 'Polska', 'ul. Lubicz 30', 5),
(11, 'Poznań Executive Park', 'Poznań', 'Polska', 'ul. Baraniaka 15', 4),
(12, 'Old Town Heritage', 'Toruń', 'Polska', 'ul. Mickiewicza 17', 4);

INSERT INTO Pokoj VALUES
(1, 1, 101, 'Standard', 244, 2),
(2, 1, 102, 'Deluxe', 308, 3),
(3, 1, 103, 'Standard', 439, 2),
(4, 1, 104, 'Standard', 183, 2),
(5, 1, 105, 'Standard', 489, 2),
(6, 1, 106, 'Suite', 553, 4),
(7, 1, 107, 'Standard', 480, 2),
(8, 1, 108, 'Standard', 600, 2),
(9, 1, 109, 'Deluxe', 335, 3),
(10, 1, 110, 'Deluxe', 500, 3),

(11, 2, 101, 'Deluxe', 477, 3),
(12, 2, 102, 'Suite', 346, 4),
(13, 2, 103, 'Deluxe', 350, 3),
(14, 2, 104, 'Deluxe', 210, 3),
(15, 2, 105, 'Standard', 190, 2),
(16, 2, 106, 'Standard', 299, 2),
(17, 2, 107, 'Standard', 554, 2),
(18, 2, 108, 'Standard', 225, 2),
(19, 2, 109, 'Standard', 435, 2),
(20, 2, 110, 'Suite', 573, 4),

(21, 3, 101, 'Suite', 353, 4),
(22, 3, 102, 'Standard', 542, 2),
(23, 3, 103, 'Deluxe', 386, 3),
(24, 3, 104, 'Standard', 291, 2),
(25, 3, 105, 'Standard', 532, 2),
(26, 3, 106, 'Standard', 241, 2),
(27, 3, 107, 'Standard', 302, 2),
(28, 3, 108, 'Suite', 592, 4),
(29, 3, 109, 'Standard', 251, 2),
(30, 3, 110, 'Suite', 255, 4),

(31, 4, 101, 'Standard', 362, 2),
(32, 4, 102, 'Deluxe', 532, 3),
(33, 4, 103, 'Suite', 198, 4),
(34, 4, 104, 'Deluxe', 324, 3),
(35, 4, 105, 'Deluxe', 341, 3),
(36, 4, 106, 'Suite', 195, 4),
(37, 4, 107, 'Deluxe', 481, 3),
(38, 4, 108, 'Standard', 530, 2),
(39, 4, 109, 'Standard', 452, 2),
(40, 4, 110, 'Deluxe', 277, 3),

(41, 5, 101, 'Deluxe', 595, 3),
(42, 5, 102, 'Deluxe', 504, 3),
(43, 5, 103, 'Standard', 419, 2),
(44, 5, 104, 'Standard', 503, 2),
(45, 5, 105, 'Suite', 443, 4),
(46, 5, 106, 'Deluxe', 252, 3),
(47, 5, 107, 'Standard', 188, 2),
(48, 5, 108, 'Deluxe', 574, 3),
(49, 5, 109, 'Suite', 571, 4),
(50, 5, 110, 'Deluxe', 256, 3),

(51, 6, 101, 'Suite', 317, 4),
(52, 6, 102, 'Deluxe', 467, 3),
(53, 6, 103, 'Standard', 359, 2),
(54, 6, 104, 'Suite', 492, 4),
(55, 6, 105, 'Suite', 299, 4),
(56, 6, 106, 'Standard', 575, 2),
(57, 6, 107, 'Suite', 527, 4),
(58, 6, 108, 'Deluxe', 392, 3),
(59, 6, 109, 'Suite', 426, 4),
(60, 6, 110, 'Standard', 434, 2),

(61, 7, 101, 'Suite', 532, 4),
(62, 7, 102, 'Suite', 238, 4),
(63, 7, 103, 'Suite', 212, 4),
(64, 7, 104, 'Standard', 360, 2),
(65, 7, 105, 'Deluxe', 404, 3),
(66, 7, 106, 'Suite', 303, 4),
(67, 7, 107, 'Suite', 506, 4),
(68, 7, 108, 'Standard', 470, 2),
(69, 7, 109, 'Deluxe', 292, 3),
(70, 7, 110, 'Standard', 358, 2),

(71, 8, 101, 'Standard', 472, 2),
(72, 8, 102, 'Standard', 442, 2),
(73, 8, 103, 'Deluxe', 277, 3),
(74, 8, 104, 'Standard', 239, 2),
(75, 8, 105, 'Deluxe', 523, 3),
(76, 8, 106, 'Deluxe', 383, 3),
(77, 8, 107, 'Standard', 270, 2),
(78, 8, 108, 'Standard', 246, 2),
(79, 8, 109, 'Suite', 254, 4),
(80, 8, 110, 'Deluxe', 257, 3),

(81, 9, 101, 'Suite', 338, 4),
(82, 9, 102, 'Suite', 403, 4),
(83, 9, 103, 'Deluxe', 261, 3),
(84, 9, 104, 'Suite', 492, 4),
(85, 9, 105, 'Suite', 254, 4),
(86, 9, 106, 'Suite', 316, 4),
(87, 9, 107, 'Standard', 421, 2),
(88, 9, 108, 'Suite', 522, 4),
(89, 9, 109, 'Standard', 190, 2),
(90, 9, 110, 'Deluxe', 498, 3),

(91, 10, 101, 'Suite', 200, 4),
(92, 10, 102, 'Deluxe', 429, 3),
(93, 10, 103, 'Deluxe', 313, 3),
(94, 10, 104, 'Deluxe', 590, 3),
(95, 10, 105, 'Deluxe', 546, 3),
(96, 10, 106, 'Deluxe', 438, 3),
(97, 10, 107, 'Suite', 590, 4),
(98, 10, 108, 'Deluxe', 410, 3),
(99, 10, 109, 'Standard', 506, 2),
(100, 10, 110, 'Deluxe', 422, 3),

(101, 11, 101, 'Deluxe', 375, 3),
(102, 11, 102, 'Deluxe', 198, 3),
(103, 11, 103, 'Deluxe', 531, 3),
(104, 11, 104, 'Suite', 475, 4),
(105, 11, 105, 'Deluxe', 384, 3),
(106, 11, 106, 'Deluxe', 586, 3),
(107, 11, 107, 'Standard', 303, 2),
(108, 11, 108, 'Suite', 261, 4),
(109, 11, 109, 'Standard', 439, 2),
(110, 11, 110, 'Deluxe', 353, 3),

(111, 12, 101, 'Standard', 526, 2),
(112, 12, 102, 'Suite', 190, 4),
(113, 12, 103, 'Deluxe', 308, 3),
(114, 12, 104, 'Standard', 596, 2),
(115, 12, 105, 'Standard', 559, 2),
(116, 12, 106, 'Deluxe', 524, 3),
(117, 12, 107, 'Deluxe', 468, 3),
(118, 12, 108, 'Deluxe', 457, 3),
(119, 12, 109, 'Deluxe', 360, 3),
(120, 12, 110, 'Deluxe', 509, 3);


INSERT INTO Klient VALUES
(1, 'Tomasz', 'Kamiński', 'tomasz.kamiński@example.com', '+48 669 545 151', 'Biznes', 'USA'),
(2, 'Sarah', 'Zielińska', 'sarah.zielińska@example.com', '+48 687 714 382', 'Standard', 'Polska'),
(3, 'Marek', 'Bernardi', 'marek.bernardi@example.com', '+48 654 746 184', 'Standard', 'USA'),
(4, 'Tomasz', 'Kamiński', 'tomasz.kamiński@example.com', '+48 622 345 794', 'VIP', 'Wielka Brytania'),
(5, 'Julia', 'Wiśniewski', 'julia.wiśniewski@example.com', '+48 679 761 818', 'Biznes', 'Francja'),
(6, 'Laura', 'Wójcik', 'laura.wójcik@example.com', '+48 667 190 962', 'Biznes', 'Francja'),
(7, 'Piotr', 'Tanaka', 'piotr.tanaka@example.com', '+48 691 716 381', 'Biznes', 'Japonia'),
(8, 'Jan', 'Kowalska', 'jan.kowalska@example.com', '+48 652 633 887', 'Standard', 'Chiny'),
(9, 'Sarah', 'Bernardi', 'sarah.bernardi@example.com', '+48 654 456 820', 'VIP', 'Japonia'),
(10, 'Piotr', 'Tanaka', 'piotr.tanaka@example.com', '+48 611 598 756', 'Standard', 'Japonia'),
(11, 'Sarah', 'Kowalczyk', 'sarah.kowalczyk@example.com', '+48 661 611 404', 'VIP', 'Wielka Brytania'),
(12, 'Hiro', 'Wójcik', 'hiro.wójcik@example.com', '+48 620 516 858', 'VIP', 'Chiny'),
(13, 'Hiro', 'Chen', 'hiro.chen@example.com', '+48 672 364 511', 'VIP', 'Francja'),
(14, 'Anna', 'Chen', 'anna.chen@example.com', '+48 671 965 993', 'VIP', 'Japonia'),
(15, 'Julia', 'Nowak', 'julia.nowak@example.com', '+48 684 338 120', 'Biznes', 'Wielka Brytania'),
(16, 'Julia', 'Kowalczyk', 'julia.kowalczyk@example.com', '+48 631 405 568', 'Standard', 'USA'),
(17, 'Piotr', 'Zielińska', 'piotr.zielińska@example.com', '+48 682 105 954', 'VIP', 'Japonia'),
(18, 'Chen', 'Zielińska', 'chen.zielińska@example.com', '+48 679 775 607', 'Standard', 'Chiny'),
(19, 'Pedro', 'Wiśniewski', 'pedro.wiśniewski@example.com', '+48 634 356 173', 'VIP', 'Chiny'),
(20, 'Hiro', 'Kowalska', 'hiro.kowalska@example.com', '+48 667 307 592', 'VIP', 'Polska'),
(21, 'Hiro', 'Bernardi', 'hiro.bernardi@example.com', '+48 674 969 131', 'Standard', 'Wielka Brytania'),
(22, 'Sarah', 'Kamiński', 'sarah.kamiński@example.com', '+48 686 192 306', 'Standard', 'Hiszpania'),
(23, 'Luca', 'Wiśniewski', 'luca.wiśniewski@example.com', '+48 614 821 687', 'Standard', 'USA'),
(24, 'Sarah', 'Kamiński', 'sarah.kamiński@example.com', '+48 620 950 540', 'Biznes', 'Polska'),
(25, 'Pedro', 'Kamiński', 'pedro.kamiński@example.com', '+48 634 280 839', 'Standard', 'Włochy'),
(26, 'Piotr', 'Zielińska', 'piotr.zielińska@example.com', '+48 692 790 773', 'Standard', 'Hiszpania'),
(27, 'Chen', 'Williams', 'chen.williams@example.com', '+48 645 738 231', 'Biznes', 'Hiszpania'),
(28, 'Pedro', 'Kowalczyk', 'pedro.kowalczyk@example.com', '+48 671 535 155', 'VIP', 'Japonia'),
(29, 'Sarah', 'Santos', 'sarah.santos@example.com', '+48 684 914 702', 'VIP', 'USA'),
(30, 'Jan', 'Nowak', 'jan.nowak@example.com', '+48 614 969 296', 'Biznes', 'Hiszpania'),
(31, 'Julia', 'Lewandowski', 'julia.lewandowski@example.com', '+48 614 864 219', 'VIP', 'Wielka Brytania'),
(32, 'Jan', 'Kowalczyk', 'jan.kowalczyk@example.com', '+48 613 388 369', 'Standard', 'Japonia'),
(33, 'Marek', 'Kowalczyk', 'marek.kowalczyk@example.com', '+48 615 741 173', 'Standard', 'Polska'),
(34, 'Chen', 'Kamiński', 'chen.kamiński@example.com', '+48 645 864 818', 'Standard', 'Polska'),
(35, 'Tomasz', 'Smith', 'tomasz.smith@example.com', '+48 654 722 185', 'VIP', 'Niemcy'),
(36, 'Chen', 'Zielińska', 'chen.zielińska@example.com', '+48 661 136 800', 'VIP', 'Polska'),
(37, 'Jan', 'Smith', 'jan.smith@example.com', '+48 625 313 984', 'Standard', 'Niemcy'),
(38, 'Hiro', 'Kamiński', 'hiro.kamiński@example.com', '+48 668 105 486', 'Biznes', 'USA'),
(39, 'Piotr', 'Kowalska', 'piotr.kowalska@example.com', '+48 676 739 286', 'Biznes', 'Polska'),
(40, 'Jan', 'Bernardi', 'jan.bernardi@example.com', '+48 699 524 974', 'Standard', 'Polska'),
(41, 'Jan', 'Lewandowski', 'jan.lewandowski@example.com', '+48 640 523 487', 'VIP', 'Niemcy'),
(42, 'Katarzyna', 'Bernardi', 'katarzyna.bernardi@example.com', '+48 638 467 512', 'Biznes', 'Hiszpania'),
(43, 'Hiro', 'Kowalczyk', 'hiro.kowalczyk@example.com', '+48 664 258 394', 'Biznes', 'Wielka Brytania'),
(44, 'Laura', 'Smith', 'laura.smith@example.com', '+48 679 513 881', 'VIP', 'Polska'),
(45, 'Jan', 'Kowalska', 'jan.kowalska@example.com', '+48 613 990 861', 'VIP', 'Wielka Brytania'),
(46, 'Katarzyna', 'Santos', 'katarzyna.santos@example.com', '+48 654 143 818', 'VIP', 'Niemcy'),
(47, 'Sarah', 'Kowalczyk', 'sarah.kowalczyk@example.com', '+48 651 509 854', 'Standard', 'Wielka Brytania'),
(48, 'Jan', 'Wójcik', 'jan.wójcik@example.com', '+48 613 220 197', 'Biznes', 'Niemcy'),
(49, 'Laura', 'Wójcik', 'laura.wójcik@example.com', '+48 646 348 699', 'Biznes', 'USA'),
(50, 'Pedro', 'Williams', 'pedro.williams@example.com', '+48 654 345 944', 'Standard', 'Francja'),
(51, 'Anna', 'Tanaka', 'anna.tanaka@example.com', '+48 623 220 819', 'Standard', 'Chiny'),
(52, 'Tomasz', 'Wójcik', 'tomasz.wójcik@example.com', '+48 694 161 361', 'VIP', 'USA'),
(53, 'Laura', 'Lewandowski', 'laura.lewandowski@example.com', '+48 695 879 931', 'Standard', 'Niemcy'),
(54, 'Jan', 'Smith', 'jan.smith@example.com', '+48 640 338 694', 'Biznes', 'Japonia'),
(55, 'Piotr', 'Santos', 'piotr.santos@example.com', '+48 619 259 557', 'Biznes', 'Hiszpania'),
(56, 'Pedro', 'Smith', 'pedro.smith@example.com', '+48 622 204 354', 'Standard', 'Polska'),
(57, 'Anna', 'Bernardi', 'anna.bernardi@example.com', '+48 692 276 865', 'VIP', 'Włochy'),
(58, 'Luca', 'Kowalczyk', 'luca.kowalczyk@example.com', '+48 655 342 325', 'Biznes', 'USA'),
(59, 'Katarzyna', 'Santos', 'katarzyna.santos@example.com', '+48 678 363 255', 'Standard', 'Wielka Brytania'),
(60, 'Tomasz', 'Kamiński', 'tomasz.kamiński@example.com', '+48 639 516 542', 'Standard', 'Chiny'),
(61, 'Tomasz', 'Kowalczyk', 'tomasz.kowalczyk@example.com', '+48 665 772 719', 'VIP', 'Hiszpania'),
(62, 'Luca', 'Kowalska', 'luca.kowalska@example.com', '+48 660 123 570', 'Standard', 'Polska'),
(63, 'Marek', 'Kowalska', 'marek.kowalska@example.com', '+48 697 584 454', 'Standard', 'Chiny'),
(64, 'Maria', 'Zielińska', 'maria.zielińska@example.com', '+48 612 395 998', 'VIP', 'Francja'),
(65, 'Piotr', 'Zielińska', 'piotr.zielińska@example.com', '+48 684 482 267', 'Biznes', 'Niemcy'),
(66, 'Luca', 'Kowalska', 'luca.kowalska@example.com', '+48 646 163 912', 'Biznes', 'Polska'),
(67, 'Marek', 'Smith', 'marek.smith@example.com', '+48 615 351 705', 'Standard', 'Niemcy'),
(68, 'Jan', 'Williams', 'jan.williams@example.com', '+48 647 357 265', 'Standard', 'Wielka Brytania'),
(69, 'Pedro', 'Santos', 'pedro.santos@example.com', '+48 691 681 645', 'Biznes', 'Polska'),
(70, 'Katarzyna', 'Wiśniewski', 'katarzyna.wiśniewski@example.com', '+48 623 644 786', 'VIP', 'USA'),
(71, 'Sarah', 'Zielińska', 'sarah.zielińska@example.com', '+48 699 774 364', 'Standard', 'Niemcy'),
(72, 'Chen', 'Smith', 'chen.smith@example.com', '+48 668 343 898', 'VIP', 'Japonia'),
(73, 'Marek', 'Santos', 'marek.santos@example.com', '+48 643 504 725', 'VIP', 'Włochy'),
(74, 'Anna', 'Wójcik', 'anna.wójcik@example.com', '+48 621 858 668', 'Biznes', 'Niemcy'),
(75, 'Maria', 'Santos', 'maria.santos@example.com', '+48 636 850 161', 'VIP', 'Wielka Brytania'),
(76, 'Tomasz', 'Tanaka', 'tomasz.tanaka@example.com', '+48 611 448 676', 'Biznes', 'Polska'),
(77, 'Tomasz', 'Kamiński', 'tomasz.kamiński@example.com', '+48 685 629 914', 'Standard', 'Chiny'),
(78, 'Jan', 'Kowalska', 'jan.kowalska@example.com', '+48 670 533 790', 'Biznes', 'Chiny'),
(79, 'Tomasz', 'Wójcik', 'tomasz.wójcik@example.com', '+48 656 903 523', 'VIP', 'Hiszpania'),
(80, 'Tomasz', 'Smith', 'tomasz.smith@example.com', '+48 692 475 946', 'VIP', 'Francja'),
(81, 'Pedro', 'Tanaka', 'pedro.tanaka@example.com', '+48 667 329 505', 'Biznes', 'Wielka Brytania'),
(82, 'Sarah', 'Kamiński', 'sarah.kamiński@example.com', '+48 694 631 748', 'Standard', 'Francja'),
(83, 'Marek', 'Santos', 'marek.santos@example.com', '+48 611 777 446', 'Biznes', 'Chiny'),
(84, 'Anna', 'Williams', 'anna.williams@example.com', '+48 657 323 952', 'Biznes', 'Włochy'),
(85, 'Hiro', 'Zielińska', 'hiro.zielińska@example.com', '+48 667 942 911', 'VIP', 'USA'),
(86, 'Anna', 'Bernardi', 'anna.bernardi@example.com', '+48 639 697 339', 'Biznes', 'Chiny'),
(87, 'Pedro', 'Santos', 'pedro.santos@example.com', '+48 653 789 382', 'Biznes', 'Chiny'),
(88, 'Chen', 'Nowak', 'chen.nowak@example.com', '+48 651 433 496', 'Standard', 'Polska'),
(89, 'Luca', 'Kowalczyk', 'luca.kowalczyk@example.com', '+48 622 569 648', 'Standard', 'Chiny'),
(90, 'Maria', 'Wójcik', 'maria.wójcik@example.com', '+48 646 928 226', 'VIP', 'USA'),
(91, 'Chen', 'Nowak', 'chen.nowak@example.com', '+48 656 558 856', 'Standard', 'Japonia'),
(92, 'Anna', 'Williams', 'anna.williams@example.com', '+48 635 949 206', 'Biznes', 'Wielka Brytania'),
(93, 'Pedro', 'Tanaka', 'pedro.tanaka@example.com', '+48 615 243 161', 'Standard', 'Hiszpania'),
(94, 'Katarzyna', 'Wiśniewski', 'katarzyna.wiśniewski@example.com', '+48 626 721 129', 'VIP', 'Polska'),
(95, 'Hiro', 'Santos', 'hiro.santos@example.com', '+48 612 374 474', 'VIP', 'Polska'),
(96, 'Pedro', 'Bernardi', 'pedro.bernardi@example.com', '+48 611 360 405', 'Biznes', 'Chiny'),
(97, 'Chen', 'Nowak', 'chen.nowak@example.com', '+48 698 672 359', 'Standard', 'Wielka Brytania'),
(98, 'Marek', 'Bernardi', 'marek.bernardi@example.com', '+48 659 737 190', 'Standard', 'USA'),
(99, 'Katarzyna', 'Wójcik', 'katarzyna.wójcik@example.com', '+48 615 660 962', 'VIP', 'Niemcy'),
(100, 'Laura', 'Smith', 'laura.smith@example.com', '+48 649 384 980', 'VIP', 'Włochy'),
(101, 'Katarzyna', 'Wiśniewski', 'katarzyna.wiśniewski@example.com', '+48 697 500 700', 'Biznes', 'Francja'),
(102, 'Julia', 'Tanaka', 'julia.tanaka@example.com', '+48 614 930 673', 'Biznes', 'Niemcy'),
(103, 'Maria', 'Tanaka', 'maria.tanaka@example.com', '+48 626 272 337', 'VIP', 'Wielka Brytania'),
(104, 'Maria', 'Kowalska', 'maria.kowalska@example.com', '+48 686 851 582', 'VIP', 'Japonia'),
(105, 'Luca', 'Smith', 'luca.smith@example.com', '+48 680 223 222', 'Standard', 'Japonia'),
(106, 'Piotr', 'Santos', 'piotr.santos@example.com', '+48 696 429 623', 'Standard', 'Niemcy'),
(107, 'Maria', 'Lewandowski', 'maria.lewandowski@example.com', '+48 673 548 534', 'VIP', 'Hiszpania'),
(108, 'Marek', 'Wiśniewski', 'marek.wiśniewski@example.com', '+48 689 834 939', 'Standard', 'Hiszpania'),
(109, 'Julia', 'Wójcik', 'julia.wójcik@example.com', '+48 682 519 332', 'Biznes', 'USA'),
(110, 'Jan', 'Lewandowski', 'jan.lewandowski@example.com', '+48 681 664 394', 'Standard', 'Japonia'),
(111, 'Jan', 'Bernardi', 'jan.bernardi@example.com', '+48 694 448 470', 'Standard', 'Niemcy'),
(112, 'Hiro', 'Williams', 'hiro.williams@example.com', '+48 648 922 335', 'Biznes', 'USA'),
(113, 'Pedro', 'Williams', 'pedro.williams@example.com', '+48 698 161 399', 'Standard', 'Niemcy'),
(114, 'Jan', 'Lewandowski', 'jan.lewandowski@example.com', '+48 630 276 996', 'Standard', 'Polska'),
(115, 'Anna', 'Kamiński', 'anna.kamiński@example.com', '+48 698 773 629', 'VIP', 'Francja'),
(116, 'Jan', 'Tanaka', 'jan.tanaka@example.com', '+48 677 260 293', 'Biznes', 'Wielka Brytania'),
(117, 'Chen', 'Williams', 'chen.williams@example.com', '+48 689 218 281', 'Biznes', 'Francja'),
(118, 'Chen', 'Tanaka', 'chen.tanaka@example.com', '+48 656 678 928', 'Biznes', 'Japonia'),
(119, 'Anna', 'Bernardi', 'anna.bernardi@example.com', '+48 615 795 117', 'Standard', 'Francja'),
(120, 'Pedro', 'Wójcik', 'pedro.wójcik@example.com', '+48 657 383 129', 'VIP', 'Hiszpania'),
(121, 'Jan', 'Lewandowski', 'jan.lewandowski@example.com', '+48 686 545 819', 'VIP', 'Chiny'),
(122, 'Katarzyna', 'Zielińska', 'katarzyna.zielińska@example.com', '+48 687 925 521', 'Standard', 'Polska'),
(123, 'Maria', 'Zielińska', 'maria.zielińska@example.com', '+48 626 558 830', 'VIP', 'Chiny'),
(124, 'Jan', 'Williams', 'jan.williams@example.com', '+48 623 628 757', 'Biznes', 'Hiszpania'),
(125, 'Marek', 'Tanaka', 'marek.tanaka@example.com', '+48 694 834 815', 'VIP', 'Japonia'),
(126, 'Katarzyna', 'Lewandowski', 'katarzyna.lewandowski@example.com', '+48 699 713 394', 'Biznes', 'Hiszpania'),
(127, 'Luca', 'Lewandowski', 'luca.lewandowski@example.com', '+48 643 194 180', 'VIP', 'Francja'),
(128, 'Chen', 'Tanaka', 'chen.tanaka@example.com', '+48 642 120 546', 'Standard', 'Francja'),
(129, 'Luca', 'Lewandowski', 'luca.lewandowski@example.com', '+48 664 218 671', 'VIP', 'Francja'),
(130, 'Laura', 'Kowalczyk', 'laura.kowalczyk@example.com', '+48 639 171 866', 'Standard', 'USA'),
(131, 'Luca', 'Chen', 'luca.chen@example.com', '+48 635 830 512', 'Standard', 'Niemcy'),
(132, 'Julia', 'Wójcik', 'julia.wójcik@example.com', '+48 629 905 599', 'Standard', 'USA'),
(133, 'Luca', 'Bernardi', 'luca.bernardi@example.com', '+48 610 910 835', 'Standard', 'Francja'),
(134, 'Marek', 'Kowalczyk', 'marek.kowalczyk@example.com', '+48 657 188 384', 'Biznes', 'Wielka Brytania'),
(135, 'Sarah', 'Kowalska', 'sarah.kowalska@example.com', '+48 670 495 579', 'Biznes', 'Włochy'),
(136, 'Laura', 'Zielińska', 'laura.zielińska@example.com', '+48 620 315 174', 'Standard', 'Włochy'),
(137, 'Maria', 'Wiśniewski', 'maria.wiśniewski@example.com', '+48 657 954 141', 'VIP', 'Polska'),
(138, 'Jan', 'Williams', 'jan.williams@example.com', '+48 644 580 641', 'Standard', 'Japonia'),
(139, 'Katarzyna', 'Wiśniewski', 'katarzyna.wiśniewski@example.com', '+48 634 912 510', 'Biznes', 'Francja'),
(140, 'Anna', 'Santos', 'anna.santos@example.com', '+48 667 237 567', 'Standard', 'Polska'),
(141, 'Chen', 'Wiśniewski', 'chen.wiśniewski@example.com', '+48 629 171 753', 'Biznes', 'Polska'),
(142, 'Hiro', 'Bernardi', 'hiro.bernardi@example.com', '+48 698 804 780', 'VIP', 'Polska'),
(143, 'Tomasz', 'Bernardi', 'tomasz.bernardi@example.com', '+48 689 403 523', 'Biznes', 'Włochy'),
(144, 'Marek', 'Smith', 'marek.smith@example.com', '+48 699 182 905', 'Standard', 'Japonia'),
(145, 'Sarah', 'Chen', 'sarah.chen@example.com', '+48 613 120 872', 'Biznes', 'Niemcy'),
(146, 'Piotr', 'Chen', 'piotr.chen@example.com', '+48 647 513 418', 'Standard', 'Hiszpania'),
(147, 'Chen', 'Chen', 'chen.chen@example.com', '+48 696 343 726', 'Standard', 'Chiny'),
(148, 'Jan', 'Smith', 'jan.smith@example.com', '+48 692 602 959', 'VIP', 'USA'),
(149, 'Chen', 'Williams', 'chen.williams@example.com', '+48 611 400 324', 'Biznes', 'Japonia'),
(150, 'Hiro', 'Lewandowski', 'hiro.lewandowski@example.com', '+48 698 777 403', 'Standard', 'USA'),
(151, 'Katarzyna', 'Bernardi', 'katarzyna.bernardi@example.com', '+48 651 724 361', 'Standard', 'Francja'),
(152, 'Laura', 'Wójcik', 'laura.wójcik@example.com', '+48 620 235 657', 'Biznes', 'Polska'),
(153, 'Hiro', 'Wiśniewski', 'hiro.wiśniewski@example.com', '+48 629 537 595', 'Standard', 'Chiny'),
(154, 'Luca', 'Wójcik', 'luca.wójcik@example.com', '+48 643 113 219', 'VIP', 'Hiszpania'),
(155, 'Piotr', 'Kowalska', 'piotr.kowalska@example.com', '+48 662 110 943', 'Standard', 'Niemcy'),
(156, 'Piotr', 'Tanaka', 'piotr.tanaka@example.com', '+48 627 563 322', 'Standard', 'Japonia'),
(157, 'Katarzyna', 'Wójcik', 'katarzyna.wójcik@example.com', '+48 621 178 571', 'VIP', 'Francja'),
(158, 'Chen', 'Wójcik', 'chen.wójcik@example.com', '+48 663 421 479', 'VIP', 'Wielka Brytania'),
(159, 'Julia', 'Kowalska', 'julia.kowalska@example.com', '+48 619 334 405', 'Standard', 'Niemcy'),
(160, 'Katarzyna', 'Nowak', 'katarzyna.nowak@example.com', '+48 637 465 408', 'VIP', 'Polska'),
(161, 'Jan', 'Santos', 'jan.santos@example.com', '+48 684 921 981', 'Biznes', 'Niemcy'),
(162, 'Anna', 'Tanaka', 'anna.tanaka@example.com', '+48 669 355 374', 'VIP', 'Polska'),
(163, 'Maria', 'Wiśniewski', 'maria.wiśniewski@example.com', '+48 684 893 722', 'Standard', 'Chiny'),
(164, 'Julia', 'Wiśniewski', 'julia.wiśniewski@example.com', '+48 641 512 683', 'Standard', 'Niemcy'),
(165, 'Laura', 'Nowak', 'laura.nowak@example.com', '+48 611 835 244', 'Standard', 'Polska'),
(166, 'Tomasz', 'Smith', 'tomasz.smith@example.com', '+48 626 411 651', 'Standard', 'Chiny'),
(167, 'Luca', 'Bernardi', 'luca.bernardi@example.com', '+48 694 417 103', 'Biznes', 'Chiny'),
(168, 'Julia', 'Zielińska', 'julia.zielińska@example.com', '+48 669 375 262', 'Biznes', 'Polska'),
(169, 'Piotr', 'Kamiński', 'piotr.kamiński@example.com', '+48 694 232 886', 'Standard', 'Japonia'),
(170, 'Anna', 'Nowak', 'anna.nowak@example.com', '+48 675 858 270', 'VIP', 'Włochy'),
(171, 'Julia', 'Kowalczyk', 'julia.kowalczyk@example.com', '+48 662 754 379', 'VIP', 'Polska'),
(172, 'Maria', 'Bernardi', 'maria.bernardi@example.com', '+48 678 907 233', 'Standard', 'Niemcy'),
(173, 'Laura', 'Zielińska', 'laura.zielińska@example.com', '+48 641 975 962', 'Standard', 'Polska'),
(174, 'Chen', 'Chen', 'chen.chen@example.com', '+48 628 145 112', 'VIP', 'Wielka Brytania'),
(175, 'Marek', 'Smith', 'marek.smith@example.com', '+48 698 458 981', 'VIP', 'Niemcy'),
(176, 'Luca', 'Smith', 'luca.smith@example.com', '+48 631 760 293', 'VIP', 'Francja'),
(177, 'Piotr', 'Zielińska', 'piotr.zielińska@example.com', '+48 665 789 116', 'Standard', 'Włochy'),
(178, 'Julia', 'Chen', 'julia.chen@example.com', '+48 659 839 355', 'VIP', 'USA'),
(179, 'Jan', 'Tanaka', 'jan.tanaka@example.com', '+48 637 906 793', 'Biznes', 'Hiszpania'),
(180, 'Anna', 'Tanaka', 'anna.tanaka@example.com', '+48 675 869 358', 'Standard', 'Włochy'),
(181, 'Marek', 'Williams', 'marek.williams@example.com', '+48 667 105 156', 'Standard', 'Włochy'),
(182, 'Marek', 'Wójcik', 'marek.wójcik@example.com', '+48 636 766 250', 'Biznes', 'Wielka Brytania'),
(183, 'Chen', 'Wiśniewski', 'chen.wiśniewski@example.com', '+48 673 420 331', 'Standard', 'Wielka Brytania'),
(184, 'Julia', 'Kowalczyk', 'julia.kowalczyk@example.com', '+48 640 950 422', 'Standard', 'Wielka Brytania'),
(185, 'Katarzyna', 'Smith', 'katarzyna.smith@example.com', '+48 623 576 345', 'VIP', 'Włochy'),
(186, 'Laura', 'Wiśniewski', 'laura.wiśniewski@example.com', '+48 679 808 984', 'Biznes', 'Japonia'),
(187, 'Jan', 'Tanaka', 'jan.tanaka@example.com', '+48 610 634 782', 'Biznes', 'USA'),
(188, 'Laura', 'Bernardi', 'laura.bernardi@example.com', '+48 638 721 554', 'Biznes', 'Włochy'),
(189, 'Hiro', 'Williams', 'hiro.williams@example.com', '+48 628 275 759', 'VIP', 'Hiszpania'),
(190, 'Maria', 'Chen', 'maria.chen@example.com', '+48 675 526 163', 'Standard', 'Włochy'),
(191, 'Tomasz', 'Lewandowski', 'tomasz.lewandowski@example.com', '+48 634 836 697', 'Biznes', 'Chiny'),
(192, 'Chen', 'Tanaka', 'chen.tanaka@example.com', '+48 679 693 787', 'VIP', 'Hiszpania'),
(193, 'Hiro', 'Williams', 'hiro.williams@example.com', '+48 620 547 890', 'Biznes', 'Niemcy'),
(194, 'Laura', 'Kowalczyk', 'laura.kowalczyk@example.com', '+48 658 587 990', 'Biznes', 'USA'),
(195, 'Hiro', 'Bernardi', 'hiro.bernardi@example.com', '+48 637 329 995', 'Biznes', 'Niemcy'),
(196, 'Chen', 'Kowalska', 'chen.kowalska@example.com', '+48 633 390 708', 'VIP', 'Francja'),
(197, 'Piotr', 'Wiśniewski', 'piotr.wiśniewski@example.com', '+48 682 788 873', 'VIP', 'Włochy'),
(198, 'Julia', 'Santos', 'julia.santos@example.com', '+48 689 550 907', 'Standard', 'Polska'),
(199, 'Tomasz', 'Wiśniewski', 'tomasz.wiśniewski@example.com', '+48 633 817 454', 'Biznes', 'Włochy'),
(200, 'Maria', 'Wiśniewski', 'maria.wiśniewski@example.com', '+48 639 272 925', 'VIP', 'Hiszpania');

INSERT INTO Rezerwacja VALUES
(1, 13, 40, '2024-06-28', '2024-08-06', '2024-08-07', 2, 'Potwierdzona', 'Booking'),
(2, 10, 156, '2024-07-13', '2024-07-25', '2024-08-04', 4, 'Potwierdzona', 'Telefon'),
(3, 92, 73, '2024-08-28', '2024-09-06', '2024-09-15', 2, 'Potwierdzona', 'Strona'),
(4, 27, 30, '2025-02-28', '2025-03-16', '2025-03-19', 4, 'Potwierdzona', 'Booking'),
(5, 104, 93, '2025-05-05', '2025-06-06', '2025-06-16', 3, 'Potwierdzona', 'Strona'),
(6, 64, 96, '2024-11-29', '2024-12-15', '2024-12-17', 1, 'Potwierdzona', 'Telefon'),
(7, 22, 168, '2024-12-04', '2024-12-13', '2024-12-22', 3, 'Anulowana', 'Strona'),
(8, 70, 130, '2024-09-19', '2024-09-28', '2024-10-02', 3, 'Anulowana', 'Telefon'),
(9, 43, 132, '2024-09-24', '2024-11-11', '2024-11-18', 3, 'Potwierdzona', 'Booking'),
(10, 16, 13, '2024-12-31', '2025-02-24', '2025-02-25', 3, 'Potwierdzona', 'Pośrednik'),
(11, 91, 12, '2024-06-21', '2024-07-03', '2024-07-13', 2, 'Anulowana', 'Strona'),
(12, 65, 151, '2024-01-11', '2024-01-12', '2024-01-16', 1, 'Potwierdzona', 'Pośrednik'),
(13, 71, 29, '2025-03-03', '2025-03-16', '2025-03-26', 3, 'Potwierdzona', 'Pośrednik'),
(14, 49, 138, '2024-05-08', '2024-05-24', '2024-06-02', 3, 'Potwierdzona', 'Telefon'),
(15, 1, 117, '2024-05-19', '2024-07-12', '2024-07-15', 2, 'Potwierdzona', 'Booking'),
(16, 34, 197, '2024-07-05', '2024-07-18', '2024-07-25', 1, 'Potwierdzona', 'Strona'),
(17, 55, 67, '2024-11-22', '2025-01-04', '2025-01-06', 4, 'Anulowana', 'Telefon'),
(18, 19, 159, '2024-03-14', '2024-04-02', '2024-04-05', 4, 'Potwierdzona', 'Strona'),
(19, 52, 78, '2024-10-25', '2024-11-21', '2024-11-22', 3, 'Potwierdzona', 'Booking'),
(20, 64, 104, '2024-03-11', '2024-04-02', '2024-04-10', 3, 'Potwierdzona', 'Telefon'),
(21, 26, 58, '2025-01-30', '2025-03-21', '2025-03-29', 1, 'Potwierdzona', 'Strona'),
(22, 60, 136, '2024-10-26', '2024-11-09', '2024-11-16', 4, 'Anulowana', 'Telefon'),
(23, 85, 43, '2024-02-13', '2024-02-22', '2024-03-01', 4, 'Potwierdzona', 'Booking'),
(24, 19, 15, '2024-04-30', '2024-05-07', '2024-05-17', 1, 'Potwierdzona', 'Booking'),
(25, 24, 109, '2024-07-31', '2024-08-27', '2024-08-28', 1, 'Potwierdzona', 'Pośrednik'),
(26, 6, 104, '2024-10-14', '2024-11-03', '2024-11-10', 3, 'Potwierdzona', 'Pośrednik'),
(27, 82, 143, '2025-04-12', '2025-04-18', '2025-04-20', 4, 'Potwierdzona', 'Strona'),
(28, 8, 186, '2024-09-15', '2024-10-18', '2024-10-19', 4, 'Anulowana', 'Strona'),
(29, 8, 179, '2024-10-13', '2024-11-07', '2024-11-16', 1, 'Potwierdzona', 'Strona'),
(30, 12, 181, '2024-05-12', '2024-06-21', '2024-06-29', 3, 'Anulowana', 'Pośrednik'),
(31, 88, 133, '2025-01-02', '2025-02-24', '2025-03-01', 3, 'Potwierdzona', 'Strona'),
(32, 120, 75, '2024-08-10', '2024-09-17', '2024-09-20', 4, 'Potwierdzona', 'Strona'),
(33, 64, 116, '2024-08-20', '2024-10-09', '2024-10-17', 3, 'Potwierdzona', 'Booking'),
(34, 2, 169, '2024-07-28', '2024-08-03', '2024-08-08', 3, 'Potwierdzona', 'Telefon'),
(35, 51, 83, '2024-06-16', '2024-06-28', '2024-07-05', 3, 'Potwierdzona', 'Booking'),
(36, 77, 122, '2024-01-30', '2024-03-16', '2024-03-26', 3, 'Potwierdzona', 'Telefon'),
(37, 43, 59, '2024-09-30', '2024-11-24', '2024-12-04', 3, 'Potwierdzona', 'Telefon'),
(38, 1, 169, '2024-07-24', '2024-08-13', '2024-08-15', 1, 'Anulowana', 'Telefon'),
(39, 64, 187, '2024-08-23', '2024-09-30', '2024-10-10', 1, 'Potwierdzona', 'Telefon'),
(40, 114, 79, '2024-06-17', '2024-07-11', '2024-07-20', 1, 'Potwierdzona', 'Pośrednik'),
(41, 102, 135, '2024-01-21', '2024-03-12', '2024-03-13', 1, 'Potwierdzona', 'Telefon'),
(42, 10, 107, '2024-08-30', '2024-10-27', '2024-10-28', 2, 'Potwierdzona', 'Booking'),
(43, 73, 118, '2024-03-19', '2024-03-31', '2024-04-05', 3, 'Potwierdzona', 'Pośrednik'),
(44, 83, 41, '2025-04-15', '2025-04-17', '2025-04-19', 3, 'Anulowana', 'Telefon'),
(45, 70, 186, '2024-06-14', '2024-07-22', '2024-07-24', 3, 'Potwierdzona', 'Strona'),
(46, 52, 25, '2024-11-12', '2024-11-17', '2024-11-20', 4, 'Potwierdzona', 'Booking'),
(47, 40, 37, '2024-11-13', '2024-12-13', '2024-12-20', 4, 'Anulowana', 'Pośrednik'),
(48, 104, 61, '2025-01-22', '2025-02-01', '2025-02-11', 2, 'Anulowana', 'Booking'),
(49, 51, 92, '2024-03-17', '2024-03-26', '2024-04-04', 4, 'Potwierdzona', 'Strona'),
(50, 47, 29, '2024-01-10', '2024-03-05', '2024-03-09', 2, 'Potwierdzona', 'Telefon'),
(51, 40, 130, '2024-07-12', '2024-08-07', '2024-08-08', 3, 'Potwierdzona', 'Pośrednik'),
(52, 113, 126, '2024-02-15', '2024-04-09', '2024-04-19', 4, 'Potwierdzona', 'Booking'),
(53, 96, 164, '2024-12-04', '2025-01-18', '2025-01-26', 4, 'Potwierdzona', 'Booking'),
(54, 58, 109, '2025-04-12', '2025-04-18', '2025-04-19', 4, 'Potwierdzona', 'Strona'),
(55, 45, 62, '2024-11-28', '2025-01-08', '2025-01-15', 3, 'Potwierdzona', 'Pośrednik'),
(56, 67, 13, '2024-07-09', '2024-07-31', '2024-08-10', 3, 'Potwierdzona', 'Telefon'),
(57, 1, 1, '2024-10-22', '2024-11-10', '2024-11-19', 2, 'Anulowana', 'Strona'),
(58, 94, 14, '2024-02-22', '2024-04-18', '2024-04-27', 2, 'Potwierdzona', 'Pośrednik'),
(59, 81, 112, '2024-09-02', '2024-09-19', '2024-09-27', 1, 'Potwierdzona', 'Strona'),
(60, 89, 36, '2024-06-17', '2024-08-13', '2024-08-22', 3, 'Potwierdzona', 'Strona'),
(61, 118, 27, '2025-02-27', '2025-04-07', '2025-04-10', 3, 'Potwierdzona', 'Strona'),
(62, 57, 155, '2025-05-06', '2025-06-05', '2025-06-14', 1, 'Potwierdzona', 'Telefon'),
(63, 82, 4, '2024-08-13', '2024-09-14', '2024-09-23', 3, 'Anulowana', 'Telefon'),
(64, 55, 8, '2024-11-05', '2024-11-20', '2024-11-29', 4, 'Potwierdzona', 'Pośrednik'),
(65, 78, 167, '2024-06-08', '2024-07-31', '2024-08-04', 1, 'Anulowana', 'Booking'),
(66, 52, 112, '2024-01-04', '2024-02-14', '2024-02-18', 2, 'Potwierdzona', 'Strona'),
(67, 113, 165, '2024-05-23', '2024-06-30', '2024-07-02', 2, 'Potwierdzona', 'Booking'),
(68, 99, 10, '2024-07-12', '2024-08-27', '2024-08-30', 1, 'Potwierdzona', 'Pośrednik'),
(69, 90, 139, '2024-04-21', '2024-05-16', '2024-05-24', 4, 'Potwierdzona', 'Strona'),
(70, 116, 69, '2025-02-26', '2025-04-14', '2025-04-21', 2, 'Potwierdzona', 'Strona'),
(71, 38, 129, '2024-12-18', '2025-01-10', '2025-01-16', 1, 'Potwierdzona', 'Pośrednik'),
(72, 64, 144, '2024-01-07', '2024-02-08', '2024-02-18', 2, 'Potwierdzona', 'Booking'),
(73, 110, 189, '2024-10-18', '2024-12-12', '2024-12-20', 3, 'Potwierdzona', 'Strona'),
(74, 66, 46, '2025-02-15', '2025-04-12', '2025-04-13', 1, 'Potwierdzona', 'Strona'),
(75, 31, 162, '2024-01-19', '2024-01-20', '2024-01-23', 2, 'Potwierdzona', 'Pośrednik'),
(76, 92, 78, '2024-03-26', '2024-04-17', '2024-04-24', 1, 'Potwierdzona', 'Booking'),
(77, 61, 69, '2024-08-04', '2024-08-13', '2024-08-22', 2, 'Potwierdzona', 'Telefon'),
(78, 14, 71, '2025-05-11', '2025-07-08', '2025-07-11', 1, 'Anulowana', 'Strona'),
(79, 75, 33, '2024-09-13', '2024-10-13', '2024-10-18', 2, 'Potwierdzona', 'Booking'),
(80, 99, 73, '2024-07-28', '2024-08-01', '2024-08-04', 3, 'Potwierdzona', 'Strona'),
(81, 71, 175, '2024-04-09', '2024-05-31', '2024-06-08', 2, 'Potwierdzona', 'Booking'),
(82, 3, 114, '2025-01-17', '2025-02-10', '2025-02-20', 4, 'Potwierdzona', 'Pośrednik'),
(83, 99, 145, '2025-04-20', '2025-05-29', '2025-06-02', 1, 'Potwierdzona', 'Telefon'),
(84, 2, 144, '2024-10-21', '2024-10-29', '2024-11-01', 2, 'Anulowana', 'Booking'),
(85, 36, 141, '2024-09-08', '2024-11-06', '2024-11-12', 2, 'Potwierdzona', 'Strona'),
(86, 78, 72, '2024-08-09', '2024-08-24', '2024-08-25', 3, 'Potwierdzona', 'Telefon'),
(87, 2, 73, '2025-01-30', '2025-03-06', '2025-03-10', 1, 'Potwierdzona', 'Telefon'),
(88, 61, 126, '2025-03-11', '2025-04-29', '2025-05-04', 3, 'Potwierdzona', 'Booking'),
(89, 120, 191, '2024-09-16', '2024-10-12', '2024-10-18', 3, 'Potwierdzona', 'Booking'),
(90, 73, 26, '2024-05-29', '2024-07-27', '2024-08-06', 2, 'Potwierdzona', 'Booking'),
(91, 46, 141, '2025-02-01', '2025-03-18', '2025-03-26', 1, 'Potwierdzona', 'Telefon'),
(92, 101, 199, '2024-06-27', '2024-07-26', '2024-07-31', 4, 'Potwierdzona', 'Strona'),
(93, 33, 125, '2025-01-09', '2025-02-23', '2025-02-24', 3, 'Potwierdzona', 'Booking'),
(94, 73, 138, '2024-11-14', '2025-01-07', '2025-01-17', 4, 'Potwierdzona', 'Booking'),
(95, 112, 188, '2024-06-02', '2024-07-17', '2024-07-27', 4, 'Anulowana', 'Booking'),
(96, 39, 188, '2024-01-28', '2024-02-03', '2024-02-13', 4, 'Potwierdzona', 'Telefon'),
(97, 108, 61, '2024-02-10', '2024-02-11', '2024-02-20', 2, 'Anulowana', 'Pośrednik'),
(98, 78, 161, '2024-06-20', '2024-07-06', '2024-07-10', 3, 'Anulowana', 'Booking'),
(99, 77, 41, '2025-02-08', '2025-02-18', '2025-02-21', 4, 'Potwierdzona', 'Pośrednik'),
(100, 52, 17, '2024-11-26', '2025-01-05', '2025-01-09', 2, 'Potwierdzona', 'Booking'),
(101, 49, 44, '2024-04-20', '2024-05-16', '2024-05-22', 1, 'Potwierdzona', 'Telefon'),
(102, 106, 79, '2024-09-29', '2024-10-02', '2024-10-10', 2, 'Potwierdzona', 'Booking'),
(103, 15, 65, '2024-10-12', '2024-10-24', '2024-11-02', 3, 'Potwierdzona', 'Pośrednik'),
(104, 101, 174, '2025-04-06', '2025-05-01', '2025-05-06', 4, 'Potwierdzona', 'Strona'),
(105, 85, 5, '2025-05-14', '2025-07-02', '2025-07-07', 3, 'Potwierdzona', 'Booking'),
(106, 99, 125, '2025-04-13', '2025-05-11', '2025-05-15', 3, 'Potwierdzona', 'Pośrednik'),
(107, 83, 140, '2024-09-23', '2024-11-14', '2024-11-16', 4, 'Potwierdzona', 'Booking'),
(108, 8, 92, '2025-01-29', '2025-03-14', '2025-03-21', 3, 'Potwierdzona', 'Telefon'),
(109, 112, 24, '2024-06-21', '2024-06-26', '2024-07-05', 3, 'Potwierdzona', 'Strona'),
(110, 48, 142, '2024-07-15', '2024-08-19', '2024-08-25', 1, 'Anulowana', 'Booking'),
(111, 106, 123, '2024-01-18', '2024-01-25', '2024-02-03', 3, 'Potwierdzona', 'Strona'),
(112, 97, 108, '2024-08-13', '2024-09-07', '2024-09-09', 4, 'Potwierdzona', 'Pośrednik'),
(113, 108, 4, '2024-02-21', '2024-02-23', '2024-02-28', 3, 'Potwierdzona', 'Strona'),
(114, 21, 139, '2024-04-30', '2024-05-22', '2024-05-28', 4, 'Potwierdzona', 'Telefon'),
(115, 114, 195, '2025-03-29', '2025-05-27', '2025-05-30', 4, 'Potwierdzona', 'Pośrednik'),
(116, 1, 33, '2024-09-08', '2024-10-14', '2024-10-21', 2, 'Potwierdzona', 'Strona'),
(117, 43, 192, '2025-03-24', '2025-04-06', '2025-04-16', 1, 'Anulowana', 'Pośrednik'),
(118, 13, 179, '2025-04-21', '2025-06-02', '2025-06-06', 1, 'Potwierdzona', 'Strona'),
(119, 86, 17, '2025-05-04', '2025-05-08', '2025-05-13', 2, 'Potwierdzona', 'Pośrednik'),
(120, 75, 74, '2024-08-14', '2024-09-19', '2024-09-24', 4, 'Potwierdzona', 'Booking'),
(121, 39, 181, '2024-03-31', '2024-05-07', '2024-05-16', 4, 'Potwierdzona', 'Telefon'),
(122, 110, 162, '2024-02-26', '2024-03-11', '2024-03-18', 2, 'Potwierdzona', 'Pośrednik'),
(123, 82, 40, '2024-10-31', '2024-11-27', '2024-12-05', 2, 'Potwierdzona', 'Pośrednik'),
(124, 117, 122, '2024-10-04', '2024-11-07', '2024-11-16', 2, 'Potwierdzona', 'Telefon'),
(125, 120, 176, '2025-05-12', '2025-06-15', '2025-06-18', 2, 'Potwierdzona', 'Telefon'),
(126, 34, 199, '2024-06-29', '2024-08-18', '2024-08-26', 2, 'Potwierdzona', 'Strona'),
(127, 72, 150, '2024-02-18', '2024-04-11', '2024-04-18', 1, 'Potwierdzona', 'Pośrednik'),
(128, 87, 13, '2024-08-04', '2024-08-11', '2024-08-12', 1, 'Anulowana', 'Pośrednik'),
(129, 48, 131, '2024-07-27', '2024-08-07', '2024-08-15', 1, 'Potwierdzona', 'Telefon'),
(130, 47, 116, '2024-09-05', '2024-10-15', '2024-10-24', 4, 'Potwierdzona', 'Booking'),
(131, 112, 187, '2025-02-28', '2025-03-06', '2025-03-10', 3, 'Potwierdzona', 'Strona'),
(132, 73, 116, '2024-06-14', '2024-07-28', '2024-08-02', 4, 'Potwierdzona', 'Strona'),
(133, 52, 126, '2024-03-03', '2024-04-28', '2024-05-06', 4, 'Potwierdzona', 'Telefon'),
(134, 71, 188, '2024-12-27', '2025-02-21', '2025-03-02', 4, 'Potwierdzona', 'Pośrednik'),
(135, 74, 38, '2024-04-14', '2024-04-23', '2024-04-27', 4, 'Anulowana', 'Strona'),
(136, 4, 166, '2024-07-16', '2024-08-18', '2024-08-24', 3, 'Anulowana', 'Pośrednik'),
(137, 90, 197, '2025-01-22', '2025-02-14', '2025-02-17', 2, 'Potwierdzona', 'Strona'),
(138, 97, 122, '2024-01-17', '2024-03-08', '2024-03-15', 2, 'Anulowana', 'Strona'),
(139, 31, 115, '2024-03-12', '2024-05-04', '2024-05-08', 2, 'Potwierdzona', 'Strona'),
(140, 69, 171, '2024-03-26', '2024-04-20', '2024-04-23', 2, 'Potwierdzona', 'Strona'),
(141, 46, 13, '2024-04-28', '2024-06-23', '2024-06-28', 2, 'Potwierdzona', 'Telefon'),
(142, 83, 7, '2024-11-12', '2025-01-11', '2025-01-16', 4, 'Potwierdzona', 'Telefon'),
(143, 94, 58, '2025-02-27', '2025-03-09', '2025-03-11', 4, 'Potwierdzona', 'Strona'),
(144, 61, 37, '2024-05-02', '2024-06-21', '2024-06-25', 3, 'Potwierdzona', 'Booking'),
(145, 44, 146, '2025-02-26', '2025-04-21', '2025-05-01', 2, 'Potwierdzona', 'Booking'),
(146, 114, 118, '2024-11-11', '2024-12-25', '2025-01-01', 1, 'Potwierdzona', 'Strona'),
(147, 102, 55, '2024-07-21', '2024-08-05', '2024-08-14', 3, 'Potwierdzona', 'Booking'),
(148, 63, 26, '2024-04-15', '2024-06-09', '2024-06-14', 1, 'Potwierdzona', 'Telefon'),
(149, 70, 40, '2024-08-09', '2024-08-15', '2024-08-24', 2, 'Potwierdzona', 'Booking'),
(150, 58, 6, '2025-02-10', '2025-02-28', '2025-03-03', 3, 'Anulowana', 'Telefon'),
(151, 97, 200, '2024-12-05', '2025-01-10', '2025-01-17', 2, 'Potwierdzona', 'Telefon'),
(152, 63, 84, '2024-04-23', '2024-05-25', '2024-05-29', 4, 'Anulowana', 'Pośrednik'),
(153, 50, 67, '2025-02-20', '2025-04-18', '2025-04-26', 2, 'Potwierdzona', 'Telefon'),
(154, 96, 153, '2025-01-22', '2025-02-08', '2025-02-14', 4, 'Anulowana', 'Strona'),
(155, 71, 180, '2024-10-02', '2024-10-11', '2024-10-17', 4, 'Anulowana', 'Strona'),
(156, 106, 68, '2025-02-16', '2025-03-10', '2025-03-15', 4, 'Potwierdzona', 'Pośrednik'),
(157, 78, 159, '2025-04-22', '2025-06-12', '2025-06-14', 2, 'Potwierdzona', 'Telefon'),
(158, 111, 46, '2024-09-16', '2024-11-13', '2024-11-14', 1, 'Potwierdzona', 'Telefon'),
(159, 97, 144, '2024-07-13', '2024-09-06', '2024-09-16', 4, 'Anulowana', 'Booking'),
(160, 1, 200, '2025-01-28', '2025-02-15', '2025-02-17', 1, 'Potwierdzona', 'Pośrednik'),
(161, 117, 136, '2024-03-08', '2024-04-10', '2024-04-12', 4, 'Potwierdzona', 'Telefon'),
(162, 71, 131, '2024-03-15', '2024-04-12', '2024-04-20', 1, 'Anulowana', 'Telefon'),
(163, 86, 63, '2024-07-12', '2024-08-15', '2024-08-17', 1, 'Anulowana', 'Strona'),
(164, 55, 154, '2024-03-13', '2024-03-18', '2024-03-19', 1, 'Potwierdzona', 'Telefon'),
(165, 99, 49, '2025-04-15', '2025-05-16', '2025-05-20', 1, 'Potwierdzona', 'Booking'),
(166, 71, 87, '2025-03-13', '2025-03-30', '2025-04-04', 1, 'Potwierdzona', 'Pośrednik'),
(167, 12, 104, '2025-05-10', '2025-06-18', '2025-06-20', 1, 'Potwierdzona', 'Pośrednik'),
(168, 87, 85, '2024-03-05', '2024-05-01', '2024-05-06', 1, 'Potwierdzona', 'Pośrednik'),
(169, 53, 196, '2024-02-07', '2024-03-26', '2024-04-04', 3, 'Potwierdzona', 'Telefon'),
(170, 84, 160, '2024-06-30', '2024-07-07', '2024-07-12', 1, 'Potwierdzona', 'Strona'),
(171, 2, 72, '2025-01-06', '2025-02-03', '2025-02-13', 3, 'Potwierdzona', 'Telefon'),
(172, 68, 69, '2024-10-31', '2024-12-04', '2024-12-13', 1, 'Anulowana', 'Strona'),
(173, 32, 87, '2025-03-20', '2025-04-03', '2025-04-10', 4, 'Potwierdzona', 'Telefon'),
(174, 69, 113, '2024-10-18', '2024-12-06', '2024-12-07', 2, 'Potwierdzona', 'Strona'),
(175, 35, 148, '2024-01-03', '2024-01-31', '2024-02-09', 4, 'Potwierdzona', 'Pośrednik'),
(176, 38, 198, '2025-02-07', '2025-03-26', '2025-04-05', 4, 'Potwierdzona', 'Strona'),
(177, 21, 12, '2025-04-05', '2025-05-22', '2025-05-31', 3, 'Potwierdzona', 'Telefon'),
(178, 95, 136, '2024-11-17', '2024-12-14', '2024-12-19', 1, 'Potwierdzona', 'Telefon'),
(179, 119, 87, '2025-01-23', '2025-03-18', '2025-03-22', 4, 'Anulowana', 'Booking'),
(180, 32, 106, '2024-05-26', '2024-06-09', '2024-06-14', 2, 'Potwierdzona', 'Telefon'),
(181, 111, 157, '2024-11-03', '2024-11-20', '2024-11-28', 2, 'Anulowana', 'Telefon'),
(182, 86, 6, '2024-06-27', '2024-07-26', '2024-07-27', 4, 'Potwierdzona', 'Telefon'),
(183, 68, 142, '2024-07-03', '2024-08-15', '2024-08-24', 1, 'Anulowana', 'Booking'),
(184, 39, 26, '2024-08-26', '2024-09-27', '2024-09-29', 3, 'Potwierdzona', 'Booking'),
(185, 53, 175, '2024-01-12', '2024-02-13', '2024-02-23', 4, 'Potwierdzona', 'Pośrednik'),
(186, 36, 21, '2025-01-13', '2025-03-01', '2025-03-02', 1, 'Anulowana', 'Pośrednik'),
(187, 12, 73, '2024-04-22', '2024-06-20', '2024-06-23', 4, 'Potwierdzona', 'Pośrednik'),
(188, 118, 199, '2024-08-16', '2024-10-14', '2024-10-24', 3, 'Potwierdzona', 'Telefon'),
(189, 2, 159, '2025-02-13', '2025-03-07', '2025-03-12', 3, 'Anulowana', 'Strona'),
(190, 118, 143, '2025-02-25', '2025-04-15', '2025-04-20', 1, 'Potwierdzona', 'Pośrednik'),
(191, 113, 172, '2024-12-19', '2025-02-17', '2025-02-23', 4, 'Potwierdzona', 'Pośrednik'),
(192, 119, 135, '2024-05-14', '2024-07-13', '2024-07-15', 1, 'Anulowana', 'Booking'),
(193, 60, 127, '2024-10-25', '2024-12-23', '2024-12-31', 3, 'Potwierdzona', 'Telefon'),
(194, 9, 22, '2024-07-03', '2024-07-31', '2024-08-08', 2, 'Potwierdzona', 'Pośrednik'),
(195, 6, 141, '2024-05-02', '2024-06-08', '2024-06-12', 2, 'Anulowana', 'Telefon'),
(196, 61, 90, '2024-04-14', '2024-06-01', '2024-06-09', 3, 'Anulowana', 'Booking'),
(197, 81, 159, '2025-03-08', '2025-05-04', '2025-05-09', 3, 'Potwierdzona', 'Booking'),
(198, 64, 45, '2025-03-12', '2025-04-04', '2025-04-12', 3, 'Potwierdzona', 'Pośrednik'),
(199, 119, 75, '2024-10-24', '2024-12-07', '2024-12-14', 1, 'Potwierdzona', 'Strona'),
(200, 27, 130, '2024-11-26', '2024-12-02', '2024-12-06', 2, 'Anulowana', 'Pośrednik'),
(201, 2, 87, '2024-03-17', '2024-04-24', '2024-04-27', 1, 'Potwierdzona', 'Booking'),
(202, 43, 107, '2024-12-21', '2025-01-28', '2025-02-01', 1, 'Potwierdzona', 'Pośrednik'),
(203, 109, 126, '2024-01-28', '2024-02-22', '2024-02-25', 1, 'Potwierdzona', 'Telefon'),
(204, 8, 47, '2025-02-11', '2025-02-19', '2025-02-20', 2, 'Potwierdzona', 'Telefon'),
(205, 112, 17, '2024-10-04', '2024-11-03', '2024-11-05', 1, 'Potwierdzona', 'Booking'),
(206, 42, 76, '2025-04-08', '2025-05-15', '2025-05-25', 1, 'Potwierdzona', 'Pośrednik'),
(207, 109, 141, '2024-02-11', '2024-03-06', '2024-03-10', 4, 'Potwierdzona', 'Booking'),
(208, 68, 92, '2024-03-21', '2024-04-19', '2024-04-29', 2, 'Potwierdzona', 'Booking'),
(209, 85, 87, '2024-10-04', '2024-11-02', '2024-11-09', 3, 'Potwierdzona', 'Pośrednik'),
(210, 101, 118, '2024-03-13', '2024-05-05', '2024-05-07', 2, 'Anulowana', 'Pośrednik'),
(211, 63, 24, '2024-07-10', '2024-08-25', '2024-08-27', 3, 'Potwierdzona', 'Booking'),
(212, 26, 8, '2025-01-18', '2025-03-10', '2025-03-11', 1, 'Potwierdzona', 'Strona'),
(213, 18, 56, '2025-01-20', '2025-02-10', '2025-02-12', 1, 'Anulowana', 'Strona'),
(214, 58, 122, '2024-04-19', '2024-06-14', '2024-06-24', 4, 'Potwierdzona', 'Strona'),
(215, 45, 130, '2024-08-16', '2024-09-30', '2024-10-06', 3, 'Potwierdzona', 'Pośrednik'),
(216, 24, 130, '2024-01-23', '2024-02-10', '2024-02-13', 4, 'Potwierdzona', 'Strona'),
(217, 53, 102, '2024-08-17', '2024-08-22', '2024-08-26', 2, 'Potwierdzona', 'Strona'),
(218, 23, 82, '2024-05-01', '2024-05-15', '2024-05-17', 3, 'Potwierdzona', 'Telefon'),
(219, 11, 40, '2024-05-08', '2024-06-26', '2024-07-03', 3, 'Potwierdzona', 'Pośrednik'),
(220, 23, 64, '2024-02-26', '2024-03-23', '2024-03-30', 2, 'Potwierdzona', 'Booking'),
(221, 40, 92, '2024-07-02', '2024-08-20', '2024-08-22', 3, 'Potwierdzona', 'Booking'),
(222, 21, 64, '2024-12-07', '2025-01-07', '2025-01-13', 1, 'Potwierdzona', 'Strona'),
(223, 88, 154, '2024-05-24', '2024-06-18', '2024-06-26', 4, 'Potwierdzona', 'Booking'),
(224, 71, 153, '2025-04-08', '2025-06-05', '2025-06-11', 1, 'Potwierdzona', 'Strona'),
(225, 68, 178, '2024-11-17', '2024-12-04', '2024-12-08', 1, 'Potwierdzona', 'Telefon'),
(226, 75, 184, '2024-03-17', '2024-05-02', '2024-05-09', 4, 'Potwierdzona', 'Pośrednik'),
(227, 39, 23, '2024-12-10', '2025-01-30', '2025-02-04', 1, 'Anulowana', 'Booking'),
(228, 28, 179, '2024-06-13', '2024-07-16', '2024-07-21', 4, 'Potwierdzona', 'Telefon'),
(229, 68, 99, '2024-08-09', '2024-09-04', '2024-09-09', 3, 'Anulowana', 'Booking'),
(230, 99, 170, '2024-01-20', '2024-02-27', '2024-03-05', 3, 'Potwierdzona', 'Telefon'),
(231, 66, 40, '2024-03-21', '2024-04-02', '2024-04-03', 1, 'Potwierdzona', 'Telefon'),
(232, 36, 75, '2024-08-15', '2024-08-23', '2024-09-02', 1, 'Potwierdzona', 'Telefon'),
(233, 52, 190, '2024-10-07', '2024-12-01', '2024-12-07', 2, 'Anulowana', 'Telefon'),
(234, 34, 65, '2024-12-18', '2025-01-15', '2025-01-23', 1, 'Potwierdzona', 'Pośrednik'),
(235, 42, 153, '2024-12-01', '2024-12-22', '2024-12-23', 3, 'Potwierdzona', 'Telefon'),
(236, 22, 10, '2024-08-03', '2024-08-09', '2024-08-16', 1, 'Potwierdzona', 'Booking'),
(237, 108, 129, '2025-01-02', '2025-01-20', '2025-01-21', 2, 'Potwierdzona', 'Pośrednik'),
(238, 76, 67, '2024-06-27', '2024-08-15', '2024-08-16', 3, 'Potwierdzona', 'Booking'),
(239, 55, 137, '2024-03-14', '2024-03-25', '2024-04-01', 4, 'Potwierdzona', 'Pośrednik'),
(240, 84, 87, '2024-11-04', '2024-11-06', '2024-11-08', 2, 'Potwierdzona', 'Telefon'),
(241, 109, 185, '2024-03-24', '2024-03-28', '2024-04-01', 4, 'Potwierdzona', 'Telefon'),
(242, 95, 34, '2024-12-07', '2024-12-14', '2024-12-22', 2, 'Potwierdzona', 'Strona'),
(243, 89, 117, '2024-03-01', '2024-04-09', '2024-04-12', 4, 'Potwierdzona', 'Strona'),
(244, 46, 99, '2024-09-09', '2024-11-07', '2024-11-12', 3, 'Potwierdzona', 'Strona'),
(245, 32, 122, '2024-05-29', '2024-07-16', '2024-07-24', 3, 'Potwierdzona', 'Pośrednik'),
(246, 31, 4, '2025-01-25', '2025-03-06', '2025-03-16', 3, 'Potwierdzona', 'Strona'),
(247, 3, 70, '2024-06-12', '2024-07-03', '2024-07-06', 2, 'Potwierdzona', 'Pośrednik'),
(248, 28, 132, '2025-03-27', '2025-04-30', '2025-05-02', 1, 'Potwierdzona', 'Strona'),
(249, 101, 111, '2024-03-18', '2024-05-07', '2024-05-16', 4, 'Anulowana', 'Strona'),
(250, 110, 105, '2024-09-02', '2024-10-12', '2024-10-14', 4, 'Potwierdzona', 'Telefon'),
(251, 24, 147, '2024-07-06', '2024-07-17', '2024-07-20', 1, 'Potwierdzona', 'Booking'),
(252, 73, 41, '2025-01-28', '2025-01-29', '2025-01-30', 4, 'Potwierdzona', 'Strona'),
(253, 97, 77, '2025-04-03', '2025-05-25', '2025-06-04', 2, 'Potwierdzona', 'Booking'),
(254, 99, 96, '2024-05-28', '2024-06-26', '2024-07-02', 2, 'Potwierdzona', 'Telefon'),
(255, 81, 186, '2024-11-26', '2025-01-05', '2025-01-06', 2, 'Potwierdzona', 'Strona'),
(256, 93, 10, '2024-06-16', '2024-08-02', '2024-08-10', 4, 'Potwierdzona', 'Pośrednik'),
(257, 91, 140, '2024-12-10', '2025-01-12', '2025-01-22', 1, 'Potwierdzona', 'Strona'),
(258, 15, 105, '2024-07-26', '2024-09-11', '2024-09-16', 1, 'Potwierdzona', 'Telefon'),
(259, 112, 107, '2024-11-16', '2024-11-30', '2024-12-09', 3, 'Anulowana', 'Telefon'),
(260, 9, 133, '2025-02-04', '2025-02-19', '2025-02-23', 2, 'Anulowana', 'Pośrednik'),
(261, 110, 141, '2024-07-13', '2024-09-07', '2024-09-14', 4, 'Potwierdzona', 'Booking'),
(262, 43, 118, '2024-09-29', '2024-11-04', '2024-11-13', 2, 'Anulowana', 'Strona'),
(263, 83, 159, '2024-09-27', '2024-11-21', '2024-11-30', 3, 'Potwierdzona', 'Strona'),
(264, 95, 57, '2025-04-03', '2025-04-17', '2025-04-22', 4, 'Potwierdzona', 'Pośrednik'),
(265, 38, 106, '2024-08-16', '2024-10-06', '2024-10-14', 3, 'Anulowana', 'Telefon'),
(266, 5, 200, '2025-01-21', '2025-03-08', '2025-03-11', 1, 'Potwierdzona', 'Strona'),
(267, 78, 14, '2024-10-24', '2024-11-06', '2024-11-09', 3, 'Potwierdzona', 'Strona'),
(268, 35, 15, '2024-02-16', '2024-03-07', '2024-03-14', 3, 'Potwierdzona', 'Pośrednik'),
(269, 87, 29, '2024-09-23', '2024-09-24', '2024-09-29', 2, 'Anulowana', 'Pośrednik'),
(270, 93, 10, '2024-06-03', '2024-07-10', '2024-07-18', 2, 'Potwierdzona', 'Strona'),
(271, 111, 105, '2025-05-02', '2025-06-14', '2025-06-24', 1, 'Potwierdzona', 'Strona'),
(272, 13, 135, '2025-03-09', '2025-03-25', '2025-03-26', 4, 'Anulowana', 'Pośrednik'),
(273, 49, 53, '2025-04-18', '2025-04-29', '2025-05-04', 3, 'Potwierdzona', 'Pośrednik'),
(274, 36, 115, '2024-12-22', '2025-02-15', '2025-02-23', 2, 'Anulowana', 'Telefon'),
(275, 93, 113, '2024-10-31', '2024-11-27', '2024-11-30', 4, 'Potwierdzona', 'Pośrednik'),
(276, 112, 115, '2025-04-28', '2025-06-19', '2025-06-25', 1, 'Potwierdzona', 'Booking'),
(277, 13, 46, '2024-01-20', '2024-02-27', '2024-03-07', 1, 'Potwierdzona', 'Telefon'),
(278, 67, 19, '2025-04-20', '2025-06-10', '2025-06-12', 3, 'Potwierdzona', 'Telefon'),
(279, 58, 197, '2024-07-14', '2024-07-22', '2024-07-29', 1, 'Anulowana', 'Pośrednik'),
(280, 37, 146, '2025-03-12', '2025-04-07', '2025-04-13', 3, 'Potwierdzona', 'Telefon'),
(281, 89, 17, '2025-01-23', '2025-02-13', '2025-02-22', 3, 'Potwierdzona', 'Pośrednik'),
(282, 98, 124, '2025-04-29', '2025-06-07', '2025-06-13', 1, 'Potwierdzona', 'Telefon'),
(283, 46, 161, '2024-01-15', '2024-02-22', '2024-02-26', 1, 'Anulowana', 'Pośrednik'),
(284, 75, 185, '2024-11-02', '2024-12-08', '2024-12-10', 3, 'Potwierdzona', 'Telefon'),
(285, 49, 130, '2024-05-14', '2024-05-22', '2024-05-25', 3, 'Potwierdzona', 'Strona'),
(286, 104, 156, '2024-11-03', '2024-12-16', '2024-12-23', 3, 'Potwierdzona', 'Booking'),
(287, 94, 30, '2024-10-19', '2024-12-01', '2024-12-05', 1, 'Potwierdzona', 'Telefon'),
(288, 26, 26, '2024-04-03', '2024-04-09', '2024-04-16', 1, 'Potwierdzona', 'Booking'),
(289, 17, 31, '2024-02-12', '2024-03-06', '2024-03-09', 2, 'Anulowana', 'Telefon'),
(290, 86, 168, '2025-04-17', '2025-05-02', '2025-05-04', 1, 'Potwierdzona', 'Booking'),
(291, 110, 92, '2025-03-27', '2025-05-02', '2025-05-04', 3, 'Potwierdzona', 'Booking'),
(292, 66, 152, '2024-04-28', '2024-06-07', '2024-06-10', 2, 'Anulowana', 'Strona'),
(293, 70, 99, '2024-02-15', '2024-03-05', '2024-03-15', 2, 'Potwierdzona', 'Strona'),
(294, 23, 142, '2024-05-26', '2024-05-28', '2024-05-31', 1, 'Potwierdzona', 'Booking'),
(295, 84, 182, '2024-12-13', '2024-12-29', '2025-01-03', 3, 'Potwierdzona', 'Booking'),
(296, 101, 113, '2025-02-27', '2025-04-22', '2025-05-01', 3, 'Potwierdzona', 'Strona'),
(297, 8, 85, '2024-10-16', '2024-12-11', '2024-12-15', 3, 'Potwierdzona', 'Booking'),
(298, 23, 176, '2024-02-11', '2024-02-16', '2024-02-23', 2, 'Potwierdzona', 'Pośrednik'),
(299, 103, 58, '2024-11-17', '2024-11-25', '2024-11-28', 4, 'Potwierdzona', 'Strona'),
(300, 113, 98, '2024-12-31', '2025-02-26', '2025-03-02', 2, 'Potwierdzona', 'Strona'),
(301, 3, 8, '2024-10-08', '2024-11-26', '2024-12-03', 1, 'Potwierdzona', 'Telefon'),
(302, 18, 125, '2025-01-19', '2025-02-11', '2025-02-19', 1, 'Potwierdzona', 'Telefon'),
(303, 75, 200, '2024-08-23', '2024-09-12', '2024-09-21', 1, 'Potwierdzona', 'Booking'),
(304, 76, 105, '2025-03-17', '2025-05-14', '2025-05-21', 4, 'Potwierdzona', 'Booking'),
(305, 101, 133, '2024-08-04', '2024-09-22', '2024-10-02', 1, 'Potwierdzona', 'Booking'),
(306, 21, 188, '2024-02-25', '2024-04-01', '2024-04-03', 2, 'Potwierdzona', 'Telefon'),
(307, 84, 116, '2024-02-11', '2024-03-06', '2024-03-14', 2, 'Potwierdzona', 'Strona'),
(308, 30, 89, '2024-02-14', '2024-03-29', '2024-04-06', 3, 'Potwierdzona', 'Strona'),
(309, 110, 167, '2025-01-14', '2025-02-06', '2025-02-16', 3, 'Potwierdzona', 'Telefon'),
(310, 40, 149, '2024-11-08', '2024-12-03', '2024-12-11', 4, 'Potwierdzona', 'Pośrednik'),
(311, 70, 65, '2024-09-03', '2024-09-13', '2024-09-22', 4, 'Potwierdzona', 'Telefon'),
(312, 111, 199, '2025-04-18', '2025-05-03', '2025-05-04', 2, 'Potwierdzona', 'Strona'),
(313, 36, 187, '2024-01-31', '2024-02-18', '2024-02-19', 1, 'Potwierdzona', 'Strona'),
(314, 9, 156, '2024-09-27', '2024-09-30', '2024-10-01', 2, 'Potwierdzona', 'Telefon'),
(315, 31, 99, '2024-05-23', '2024-06-01', '2024-06-10', 1, 'Potwierdzona', 'Telefon'),
(316, 50, 34, '2024-03-04', '2024-04-28', '2024-05-04', 2, 'Potwierdzona', 'Strona'),
(317, 67, 22, '2025-05-10', '2025-06-12', '2025-06-17', 1, 'Anulowana', 'Telefon'),
(318, 18, 68, '2025-04-25', '2025-06-14', '2025-06-18', 2, 'Potwierdzona', 'Strona'),
(319, 92, 140, '2024-07-10', '2024-08-22', '2024-08-27', 2, 'Potwierdzona', 'Pośrednik'),
(320, 40, 97, '2025-01-22', '2025-03-21', '2025-03-30', 2, 'Potwierdzona', 'Strona'),
(321, 119, 13, '2024-07-28', '2024-07-29', '2024-08-01', 3, 'Anulowana', 'Telefon'),
(322, 118, 90, '2024-07-13', '2024-09-02', '2024-09-03', 1, 'Anulowana', 'Booking'),
(323, 16, 37, '2024-06-29', '2024-08-16', '2024-08-22', 4, 'Anulowana', 'Telefon'),
(324, 86, 145, '2024-10-05', '2024-11-23', '2024-11-25', 1, 'Potwierdzona', 'Strona'),
(325, 63, 28, '2024-08-05', '2024-09-14', '2024-09-18', 1, 'Potwierdzona', 'Strona'),
(326, 72, 33, '2024-11-30', '2025-01-04', '2025-01-11', 2, 'Potwierdzona', 'Strona'),
(327, 104, 134, '2024-05-13', '2024-06-01', '2024-06-09', 3, 'Potwierdzona', 'Telefon'),
(328, 41, 112, '2024-10-06', '2024-11-26', '2024-11-27', 2, 'Potwierdzona', 'Telefon'),
(329, 43, 46, '2024-12-06', '2025-01-20', '2025-01-26', 1, 'Potwierdzona', 'Pośrednik'),
(330, 22, 186, '2024-05-11', '2024-05-25', '2024-06-02', 4, 'Potwierdzona', 'Booking'),
(331, 10, 132, '2025-01-12', '2025-03-05', '2025-03-07', 1, 'Potwierdzona', 'Booking'),
(332, 9, 8, '2025-01-09', '2025-01-25', '2025-01-26', 3, 'Potwierdzona', 'Booking'),
(333, 58, 59, '2024-01-23', '2024-01-27', '2024-01-28', 2, 'Potwierdzona', 'Pośrednik'),
(334, 49, 116, '2024-01-16', '2024-02-23', '2024-02-26', 2, 'Potwierdzona', 'Booking'),
(335, 98, 30, '2024-05-03', '2024-05-21', '2024-05-31', 4, 'Potwierdzona', 'Booking'),
(336, 14, 122, '2025-02-07', '2025-02-08', '2025-02-12', 4, 'Potwierdzona', 'Strona'),
(337, 42, 178, '2024-12-22', '2025-01-13', '2025-01-18', 1, 'Potwierdzona', 'Pośrednik'),
(338, 119, 57, '2024-05-01', '2024-05-20', '2024-05-25', 3, 'Potwierdzona', 'Strona'),
(339, 45, 21, '2024-07-15', '2024-07-29', '2024-07-30', 3, 'Potwierdzona', 'Strona'),
(340, 26, 132, '2025-05-05', '2025-06-01', '2025-06-09', 4, 'Potwierdzona', 'Telefon'),
(341, 44, 172, '2024-04-15', '2024-05-11', '2024-05-16', 4, 'Potwierdzona', 'Pośrednik'),
(342, 20, 30, '2024-08-02', '2024-08-31', '2024-09-07', 4, 'Potwierdzona', 'Strona'),
(343, 120, 1, '2025-03-08', '2025-05-01', '2025-05-05', 1, 'Potwierdzona', 'Telefon'),
(344, 49, 74, '2025-03-12', '2025-03-27', '2025-04-06', 4, 'Potwierdzona', 'Pośrednik'),
(345, 16, 92, '2024-10-30', '2024-11-16', '2024-11-20', 2, 'Potwierdzona', 'Pośrednik'),
(346, 75, 25, '2024-04-25', '2024-06-06', '2024-06-10', 1, 'Anulowana', 'Telefon'),
(347, 50, 61, '2024-01-17', '2024-01-30', '2024-02-05', 2, 'Potwierdzona', 'Pośrednik'),
(348, 106, 59, '2024-01-09', '2024-02-09', '2024-02-18', 4, 'Potwierdzona', 'Booking'),
(349, 105, 91, '2024-08-01', '2024-09-20', '2024-09-26', 4, 'Potwierdzona', 'Strona'),
(350, 23, 148, '2025-03-13', '2025-03-18', '2025-03-27', 2, 'Potwierdzona', 'Strona'),
(351, 51, 177, '2025-02-23', '2025-04-12', '2025-04-13', 3, 'Potwierdzona', 'Pośrednik'),
(352, 24, 30, '2024-11-22', '2024-12-31', '2025-01-10', 1, 'Anulowana', 'Booking'),
(353, 36, 109, '2025-01-05', '2025-02-22', '2025-02-25', 2, 'Potwierdzona', 'Telefon'),
(354, 2, 66, '2024-08-25', '2024-10-16', '2024-10-26', 2, 'Potwierdzona', 'Pośrednik'),
(355, 100, 89, '2025-03-04', '2025-03-10', '2025-03-15', 4, 'Potwierdzona', 'Booking'),
(356, 42, 73, '2024-11-06', '2024-11-30', '2024-12-10', 3, 'Potwierdzona', 'Telefon'),
(357, 35, 145, '2024-05-31', '2024-06-25', '2024-06-28', 3, 'Potwierdzona', 'Strona'),
(358, 83, 140, '2024-12-24', '2024-12-30', '2025-01-08', 4, 'Potwierdzona', 'Strona'),
(359, 97, 170, '2024-04-03', '2024-05-30', '2024-06-08', 4, 'Potwierdzona', 'Booking'),
(360, 1, 64, '2025-02-14', '2025-02-20', '2025-02-24', 4, 'Potwierdzona', 'Booking'),
(361, 107, 33, '2024-10-15', '2024-11-17', '2024-11-22', 4, 'Potwierdzona', 'Strona'),
(362, 62, 146, '2024-08-11', '2024-09-12', '2024-09-18', 3, 'Potwierdzona', 'Telefon'),
(363, 65, 7, '2024-04-11', '2024-05-07', '2024-05-12', 4, 'Anulowana', 'Pośrednik'),
(364, 79, 83, '2024-09-20', '2024-11-12', '2024-11-15', 4, 'Potwierdzona', 'Booking'),
(365, 19, 122, '2025-05-03', '2025-06-24', '2025-07-03', 3, 'Potwierdzona', 'Telefon'),
(366, 112, 57, '2024-02-20', '2024-03-09', '2024-03-16', 2, 'Potwierdzona', 'Telefon'),
(367, 56, 177, '2024-10-01', '2024-10-27', '2024-11-01', 4, 'Potwierdzona', 'Pośrednik'),
(368, 25, 21, '2024-12-04', '2025-01-18', '2025-01-26', 4, 'Potwierdzona', 'Telefon'),
(369, 20, 73, '2024-03-01', '2024-04-06', '2024-04-09', 1, 'Potwierdzona', 'Booking'),
(370, 38, 135, '2024-09-06', '2024-10-06', '2024-10-14', 1, 'Potwierdzona', 'Booking'),
(371, 62, 47, '2025-02-02', '2025-03-11', '2025-03-13', 4, 'Anulowana', 'Booking'),
(372, 12, 77, '2024-09-22', '2024-09-25', '2024-10-05', 3, 'Potwierdzona', 'Strona'),
(373, 57, 31, '2025-03-19', '2025-03-20', '2025-03-25', 2, 'Potwierdzona', 'Booking'),
(374, 45, 147, '2024-12-15', '2025-01-13', '2025-01-17', 3, 'Potwierdzona', 'Telefon'),
(375, 12, 86, '2025-03-10', '2025-05-08', '2025-05-18', 4, 'Potwierdzona', 'Telefon'),
(376, 64, 193, '2024-03-30', '2024-04-13', '2024-04-18', 4, 'Potwierdzona', 'Telefon'),
(377, 5, 13, '2024-12-06', '2025-01-27', '2025-02-02', 2, 'Potwierdzona', 'Pośrednik'),
(378, 114, 162, '2025-04-03', '2025-05-11', '2025-05-17', 4, 'Potwierdzona', 'Strona'),
(379, 73, 40, '2025-02-08', '2025-03-18', '2025-03-27', 4, 'Potwierdzona', 'Telefon'),
(380, 50, 162, '2024-10-03', '2024-12-01', '2024-12-04', 3, 'Potwierdzona', 'Telefon'),
(381, 47, 3, '2024-07-18', '2024-08-14', '2024-08-17', 2, 'Potwierdzona', 'Telefon'),
(382, 110, 7, '2024-07-18', '2024-08-05', '2024-08-06', 2, 'Potwierdzona', 'Strona'),
(383, 13, 43, '2024-11-29', '2024-12-30', '2025-01-07', 3, 'Potwierdzona', 'Booking'),
(384, 58, 78, '2024-05-30', '2024-07-01', '2024-07-05', 4, 'Potwierdzona', 'Telefon'),
(385, 36, 174, '2024-03-25', '2024-05-21', '2024-05-29', 4, 'Potwierdzona', 'Strona'),
(386, 105, 90, '2024-07-01', '2024-07-04', '2024-07-05', 3, 'Anulowana', 'Pośrednik'),
(387, 33, 190, '2024-01-16', '2024-02-12', '2024-02-13', 4, 'Potwierdzona', 'Pośrednik'),
(388, 23, 91, '2024-12-30', '2025-01-15', '2025-01-20', 2, 'Anulowana', 'Strona'),
(389, 108, 148, '2024-05-02', '2024-06-24', '2024-06-29', 1, 'Potwierdzona', 'Pośrednik'),
(390, 31, 97, '2024-03-23', '2024-05-22', '2024-05-27', 2, 'Potwierdzona', 'Telefon'),
(391, 58, 179, '2025-03-23', '2025-04-01', '2025-04-07', 2, 'Potwierdzona', 'Pośrednik'),
(392, 72, 150, '2025-04-03', '2025-04-17', '2025-04-24', 1, 'Potwierdzona', 'Telefon'),
(393, 61, 38, '2024-04-15', '2024-05-16', '2024-05-22', 4, 'Potwierdzona', 'Strona'),
(394, 62, 33, '2024-01-05', '2024-02-18', '2024-02-27', 2, 'Potwierdzona', 'Pośrednik'),
(395, 119, 38, '2024-09-18', '2024-11-16', '2024-11-24', 4, 'Potwierdzona', 'Booking'),
(396, 89, 164, '2024-12-17', '2025-02-14', '2025-02-15', 2, 'Potwierdzona', 'Booking'),
(397, 111, 146, '2024-08-26', '2024-09-21', '2024-09-30', 4, 'Potwierdzona', 'Strona'),
(398, 8, 134, '2024-11-09', '2025-01-07', '2025-01-11', 2, 'Potwierdzona', 'Booking'),
(399, 16, 87, '2024-09-05', '2024-10-02', '2024-10-03', 4, 'Potwierdzona', 'Telefon'),
(400, 8, 24, '2024-08-10', '2024-08-22', '2024-09-01', 1, 'Potwierdzona', 'Telefon'),
(401, 35, 64, '2024-03-26', '2024-04-24', '2024-05-03', 1, 'Anulowana', 'Booking'),
(402, 17, 7, '2024-10-20', '2024-12-16', '2024-12-23', 1, 'Potwierdzona', 'Strona'),
(403, 110, 85, '2024-07-11', '2024-08-29', '2024-09-04', 4, 'Potwierdzona', 'Telefon'),
(404, 86, 193, '2024-07-15', '2024-07-24', '2024-07-26', 1, 'Potwierdzona', 'Booking'),
(405, 93, 196, '2024-11-12', '2024-12-20', '2024-12-27', 4, 'Potwierdzona', 'Telefon'),
(406, 1, 139, '2024-03-14', '2024-05-05', '2024-05-13', 3, 'Potwierdzona', 'Booking'),
(407, 4, 88, '2024-04-01', '2024-05-06', '2024-05-11', 4, 'Potwierdzona', 'Booking'),
(408, 7, 5, '2025-03-09', '2025-04-06', '2025-04-15', 4, 'Anulowana', 'Strona'),
(409, 73, 72, '2024-11-16', '2024-11-30', '2024-12-07', 3, 'Anulowana', 'Telefon'),
(410, 80, 175, '2024-06-14', '2024-06-28', '2024-07-03', 2, 'Potwierdzona', 'Strona'),
(411, 100, 77, '2024-08-22', '2024-09-08', '2024-09-14', 1, 'Potwierdzona', 'Strona'),
(412, 105, 88, '2024-03-17', '2024-03-30', '2024-03-31', 4, 'Potwierdzona', 'Pośrednik'),
(413, 66, 33, '2025-05-09', '2025-05-21', '2025-05-24', 4, 'Anulowana', 'Strona'),
(414, 82, 190, '2024-01-12', '2024-02-01', '2024-02-02', 1, 'Potwierdzona', 'Telefon'),
(415, 37, 165, '2024-05-08', '2024-06-24', '2024-06-25', 4, 'Potwierdzona', 'Strona'),
(416, 88, 89, '2024-12-16', '2025-01-28', '2025-02-03', 3, 'Potwierdzona', 'Telefon'),
(417, 18, 26, '2024-03-22', '2024-04-29', '2024-05-04', 2, 'Potwierdzona', 'Telefon'),
(418, 66, 11, '2024-04-01', '2024-05-26', '2024-05-29', 4, 'Potwierdzona', 'Telefon'),
(419, 28, 165, '2025-02-14', '2025-03-30', '2025-04-07', 1, 'Potwierdzona', 'Telefon'),
(420, 75, 55, '2024-04-29', '2024-05-30', '2024-06-09', 4, 'Potwierdzona', 'Telefon'),
(421, 33, 82, '2024-03-11', '2024-03-28', '2024-03-31', 2, 'Potwierdzona', 'Booking'),
(422, 40, 110, '2024-10-15', '2024-10-27', '2024-11-04', 2, 'Anulowana', 'Booking'),
(423, 81, 88, '2025-03-08', '2025-05-01', '2025-05-03', 4, 'Anulowana', 'Telefon'),
(424, 100, 120, '2024-01-31', '2024-03-11', '2024-03-16', 1, 'Potwierdzona', 'Booking'),
(425, 75, 187, '2024-09-04', '2024-10-17', '2024-10-23', 4, 'Potwierdzona', 'Telefon'),
(426, 111, 6, '2024-05-16', '2024-05-21', '2024-05-25', 4, 'Potwierdzona', 'Telefon'),
(427, 50, 102, '2024-05-23', '2024-06-17', '2024-06-18', 2, 'Potwierdzona', 'Telefon'),
(428, 9, 153, '2025-05-06', '2025-06-17', '2025-06-27', 1, 'Potwierdzona', 'Booking'),
(429, 83, 7, '2025-01-28', '2025-03-19', '2025-03-29', 4, 'Potwierdzona', 'Booking'),
(430, 68, 150, '2024-03-07', '2024-03-17', '2024-03-18', 4, 'Potwierdzona', 'Pośrednik'),
(431, 120, 1, '2024-09-01', '2024-10-06', '2024-10-10', 3, 'Potwierdzona', 'Strona'),
(432, 120, 156, '2025-02-24', '2025-02-27', '2025-03-05', 2, 'Potwierdzona', 'Pośrednik'),
(433, 97, 63, '2024-12-16', '2025-01-07', '2025-01-13', 2, 'Potwierdzona', 'Pośrednik'),
(434, 112, 107, '2024-06-08', '2024-06-27', '2024-07-04', 3, 'Potwierdzona', 'Booking'),
(435, 47, 39, '2024-07-10', '2024-09-07', '2024-09-11', 4, 'Anulowana', 'Strona'),
(436, 107, 168, '2025-03-08', '2025-03-27', '2025-03-28', 2, 'Anulowana', 'Booking'),
(437, 53, 159, '2024-11-06', '2024-11-17', '2024-11-21', 2, 'Potwierdzona', 'Booking'),
(438, 76, 87, '2024-10-25', '2024-12-09', '2024-12-11', 2, 'Anulowana', 'Telefon'),
(439, 25, 117, '2024-12-12', '2025-01-17', '2025-01-23', 4, 'Potwierdzona', 'Strona'),
(440, 70, 160, '2024-03-12', '2024-03-14', '2024-03-15', 1, 'Anulowana', 'Pośrednik'),
(441, 115, 55, '2024-02-15', '2024-03-17', '2024-03-21', 4, 'Potwierdzona', 'Booking'),
(442, 10, 92, '2025-03-16', '2025-04-08', '2025-04-11', 2, 'Potwierdzona', 'Booking'),
(443, 117, 33, '2024-01-17', '2024-03-12', '2024-03-13', 4, 'Potwierdzona', 'Telefon'),
(444, 35, 92, '2024-06-10', '2024-06-26', '2024-06-30', 1, 'Potwierdzona', 'Pośrednik'),
(445, 47, 57, '2024-05-26', '2024-06-21', '2024-06-23', 2, 'Potwierdzona', 'Strona'),
(446, 103, 42, '2025-05-07', '2025-05-19', '2025-05-28', 4, 'Anulowana', 'Booking'),
(447, 11, 68, '2024-11-12', '2024-11-30', '2024-12-06', 2, 'Potwierdzona', 'Pośrednik'),
(448, 14, 127, '2025-01-17', '2025-01-29', '2025-02-06', 2, 'Potwierdzona', 'Booking'),
(449, 11, 7, '2024-04-14', '2024-05-10', '2024-05-13', 1, 'Potwierdzona', 'Telefon'),
(450, 27, 166, '2024-03-23', '2024-05-10', '2024-05-11', 1, 'Potwierdzona', 'Booking'),
(451, 98, 114, '2025-02-26', '2025-04-19', '2025-04-23', 3, 'Potwierdzona', 'Booking'),
(452, 120, 24, '2024-11-23', '2024-12-27', '2025-01-01', 3, 'Potwierdzona', 'Booking'),
(453, 30, 57, '2025-03-03', '2025-03-05', '2025-03-12', 4, 'Potwierdzona', 'Pośrednik'),
(454, 25, 106, '2024-07-29', '2024-08-28', '2024-09-06', 1, 'Potwierdzona', 'Pośrednik'),
(455, 105, 9, '2024-10-22', '2024-11-18', '2024-11-28', 2, 'Potwierdzona', 'Telefon'),
(456, 1, 10, '2025-02-04', '2025-02-15', '2025-02-16', 1, 'Potwierdzona', 'Strona'),
(457, 99, 106, '2025-03-07', '2025-04-16', '2025-04-26', 2, 'Potwierdzona', 'Pośrednik'),
(458, 104, 9, '2024-11-27', '2025-01-02', '2025-01-04', 2, 'Potwierdzona', 'Booking'),
(459, 37, 108, '2025-01-11', '2025-02-12', '2025-02-18', 4, 'Potwierdzona', 'Strona'),
(460, 31, 3, '2024-06-19', '2024-08-08', '2024-08-17', 3, 'Potwierdzona', 'Booking'),
(461, 39, 145, '2025-01-24', '2025-02-23', '2025-02-28', 3, 'Anulowana', 'Telefon'),
(462, 69, 195, '2024-08-17', '2024-09-29', '2024-10-04', 4, 'Potwierdzona', 'Booking'),
(463, 50, 160, '2024-03-11', '2024-04-29', '2024-05-03', 3, 'Anulowana', 'Strona'),
(464, 26, 33, '2024-09-20', '2024-11-19', '2024-11-29', 4, 'Potwierdzona', 'Telefon'),
(465, 15, 177, '2024-04-26', '2024-06-06', '2024-06-13', 4, 'Potwierdzona', 'Booking'),
(466, 52, 180, '2025-04-26', '2025-06-10', '2025-06-12', 2, 'Potwierdzona', 'Booking'),
(467, 79, 42, '2024-07-29', '2024-09-04', '2024-09-12', 4, 'Potwierdzona', 'Pośrednik'),
(468, 34, 186, '2025-05-09', '2025-06-08', '2025-06-12', 1, 'Anulowana', 'Strona'),
(469, 25, 104, '2025-02-04', '2025-03-15', '2025-03-22', 3, 'Potwierdzona', 'Telefon'),
(470, 49, 22, '2024-02-25', '2024-04-09', '2024-04-16', 3, 'Potwierdzona', 'Strona'),
(471, 90, 57, '2024-07-24', '2024-08-14', '2024-08-19', 2, 'Anulowana', 'Pośrednik'),
(472, 28, 125, '2025-03-03', '2025-04-10', '2025-04-14', 1, 'Potwierdzona', 'Pośrednik'),
(473, 13, 10, '2025-03-23', '2025-04-13', '2025-04-19', 1, 'Potwierdzona', 'Telefon'),
(474, 91, 31, '2024-06-02', '2024-07-29', '2024-08-07', 2, 'Potwierdzona', 'Pośrednik'),
(475, 78, 131, '2024-02-27', '2024-04-19', '2024-04-28', 2, 'Anulowana', 'Pośrednik'),
(476, 8, 106, '2024-06-19', '2024-07-21', '2024-07-31', 1, 'Potwierdzona', 'Strona'),
(477, 38, 143, '2025-01-23', '2025-02-14', '2025-02-17', 1, 'Potwierdzona', 'Telefon'),
(478, 23, 181, '2024-08-08', '2024-10-04', '2024-10-07', 2, 'Potwierdzona', 'Booking'),
(479, 46, 103, '2025-03-17', '2025-05-14', '2025-05-17', 3, 'Potwierdzona', 'Strona'),
(480, 100, 85, '2024-10-01', '2024-10-10', '2024-10-17', 1, 'Potwierdzona', 'Strona'),
(481, 2, 55, '2024-01-25', '2024-03-25', '2024-04-01', 2, 'Potwierdzona', 'Telefon'),
(482, 10, 37, '2024-11-16', '2024-12-28', '2025-01-02', 1, 'Anulowana', 'Booking'),
(483, 34, 193, '2024-12-02', '2024-12-25', '2024-12-30', 3, 'Potwierdzona', 'Booking'),
(484, 67, 31, '2025-03-19', '2025-03-20', '2025-03-23', 1, 'Potwierdzona', 'Telefon'),
(485, 33, 126, '2024-08-08', '2024-09-01', '2024-09-09', 3, 'Potwierdzona', 'Booking'),
(486, 113, 35, '2024-10-16', '2024-12-12', '2024-12-19', 3, 'Potwierdzona', 'Booking'),
(487, 32, 95, '2025-03-18', '2025-05-05', '2025-05-15', 2, 'Anulowana', 'Pośrednik'),
(488, 109, 156, '2024-08-17', '2024-10-16', '2024-10-17', 2, 'Potwierdzona', 'Booking'),
(489, 42, 88, '2024-05-22', '2024-07-17', '2024-07-27', 4, 'Potwierdzona', 'Booking'),
(490, 81, 111, '2025-05-12', '2025-05-17', '2025-05-20', 4, 'Potwierdzona', 'Telefon'),
(491, 38, 4, '2025-05-06', '2025-06-09', '2025-06-14', 1, 'Anulowana', 'Telefon'),
(492, 30, 186, '2024-12-26', '2025-01-02', '2025-01-11', 3, 'Potwierdzona', 'Booking'),
(493, 108, 71, '2024-04-25', '2024-05-02', '2024-05-10', 1, 'Anulowana', 'Pośrednik'),
(494, 40, 72, '2024-11-05', '2024-12-20', '2024-12-29', 3, 'Potwierdzona', 'Booking'),
(495, 82, 185, '2024-01-30', '2024-03-01', '2024-03-09', 1, 'Anulowana', 'Strona'),
(496, 98, 108, '2024-04-08', '2024-04-26', '2024-04-30', 4, 'Potwierdzona', 'Pośrednik'),
(497, 58, 10, '2024-07-18', '2024-09-01', '2024-09-11', 2, 'Potwierdzona', 'Pośrednik'),
(498, 81, 146, '2024-02-17', '2024-04-15', '2024-04-19', 1, 'Anulowana', 'Strona'),
(499, 44, 81, '2024-04-17', '2024-05-19', '2024-05-28', 2, 'Anulowana', 'Booking'),
(500, 95, 137, '2024-02-15', '2024-04-12', '2024-04-15', 4, 'Anulowana', 'Booking');
