
CREATE TABLE Uzytkownik (
    UzytkownikID INTEGER PRIMARY KEY,
    Imie TEXT,
    Nazwisko TEXT,
    Email TEXT,
    Kraj TEXT,
    Segment TEXT
);

CREATE TABLE Opinia (
    OpiniaID INTEGER PRIMARY KEY,
    UzytkownikID INTEGER,
    HotelID INTEGER,
    Data TEXT,
    OcenaOgólna INTEGER,
    Komentarz TEXT
);

CREATE TABLE OcenaSzczegolowa (
    OcenaID INTEGER PRIMARY KEY,
    OpiniaID INTEGER,
    Kryterium TEXT,
    Ocena INTEGER
);

INSERT INTO Uzytkownik VALUES
(1, 'Chen', 'Santos', 'chen.santos@example.com', 'Polska', 'VIP'),
(2, 'Katarzyna', 'Wójcik', 'katarzyna.wójcik@example.com', 'Francja', 'Biznes'),
(3, 'Hiro', 'Smith', 'hiro.smith@example.com', 'Wielka Brytania', 'VIP'),
(4, 'Sarah', 'Nowak', 'sarah.nowak@example.com', 'Włochy', 'Biznes'),
(5, 'Hiro', 'Tanaka', 'hiro.tanaka@example.com', 'Niemcy', 'VIP'),
(6, 'Hiro', 'Kowalska', 'hiro.kowalska@example.com', 'Francja', 'VIP'),
(7, 'Luca', 'Santos', 'luca.santos@example.com', 'Wielka Brytania', 'Biznes'),
(8, 'Maria', 'Kowalska', 'maria.kowalska@example.com', 'Włochy', 'Biznes'),
(9, 'Chen', 'Santos', 'chen.santos@example.com', 'Francja', 'Standard'),
(10, 'Hiro', 'Kowalska', 'hiro.kowalska@example.com', 'Wielka Brytania', 'VIP'),
(11, 'Julia', 'Santos', 'julia.santos@example.com', 'Wielka Brytania', 'Standard'),
(12, 'Anna', 'Santos', 'anna.santos@example.com', 'Niemcy', 'Biznes'),
(13, 'Laura', 'Nowak', 'laura.nowak@example.com', 'Wielka Brytania', 'Biznes'),
(14, 'Chen', 'Wiśniewski', 'chen.wiśniewski@example.com', 'Francja', 'Standard'),
(15, 'Julia', 'Chen', 'julia.chen@example.com', 'Niemcy', 'Standard'),
(16, 'Piotr', 'Nowak', 'piotr.nowak@example.com', 'USA', 'Biznes'),
(17, 'Luca', 'Bernardi', 'luca.bernardi@example.com', 'Francja', 'VIP'),
(18, 'Piotr', 'Kowalska', 'piotr.kowalska@example.com', 'Włochy', 'VIP'),
(19, 'Chen', 'Bernardi', 'chen.bernardi@example.com', 'Chiny', 'Standard'),
(20, 'Piotr', 'Williams', 'piotr.williams@example.com', 'Polska', 'Standard'),
(21, 'Tomasz', 'Tanaka', 'tomasz.tanaka@example.com', 'Niemcy', 'VIP'),
(22, 'Anna', 'Chen', 'anna.chen@example.com', 'Francja', 'Standard'),
(23, 'Sarah', 'Smith', 'sarah.smith@example.com', 'Hiszpania', 'VIP'),
(24, 'Anna', 'Bernardi', 'anna.bernardi@example.com', 'Wielka Brytania', 'Biznes'),
(25, 'Hiro', 'Williams', 'hiro.williams@example.com', 'Hiszpania', 'VIP'),
(26, 'Piotr', 'Chen', 'piotr.chen@example.com', 'Niemcy', 'VIP'),
(27, 'Luca', 'Santos', 'luca.santos@example.com', 'Francja', 'Biznes'),
(28, 'Julia', 'Nowak', 'julia.nowak@example.com', 'Polska', 'Biznes'),
(29, 'Tomasz', 'Santos', 'tomasz.santos@example.com', 'Hiszpania', 'VIP'),
(30, 'Hiro', 'Tanaka', 'hiro.tanaka@example.com', 'Polska', 'Biznes'),
(31, 'Hiro', 'Wiśniewski', 'hiro.wiśniewski@example.com', 'Polska', 'Standard'),
(32, 'Maria', 'Wójcik', 'maria.wójcik@example.com', 'Polska', 'Standard'),
(33, 'Luca', 'Bernardi', 'luca.bernardi@example.com', 'Francja', 'Biznes'),
(34, 'Hiro', 'Nowak', 'hiro.nowak@example.com', 'Hiszpania', 'Standard'),
(35, 'Chen', 'Kowalska', 'chen.kowalska@example.com', 'Włochy', 'Standard'),
(36, 'Katarzyna', 'Wiśniewski', 'katarzyna.wiśniewski@example.com', 'Hiszpania', 'VIP'),
(37, 'Katarzyna', 'Wiśniewski', 'katarzyna.wiśniewski@example.com', 'Hiszpania', 'VIP'),
(38, 'Jan', 'Smith', 'jan.smith@example.com', 'Chiny', 'Standard'),
(39, 'Anna', 'Bernardi', 'anna.bernardi@example.com', 'Niemcy', 'Biznes'),
(40, 'Anna', 'Nowak', 'anna.nowak@example.com', 'Polska', 'Biznes'),
(41, 'Laura', 'Kowalska', 'laura.kowalska@example.com', 'Japonia', 'VIP'),
(42, 'Maria', 'Chen', 'maria.chen@example.com', 'Polska', 'Standard'),
(43, 'Anna', 'Williams', 'anna.williams@example.com', 'Włochy', 'Biznes'),
(44, 'Laura', 'Wiśniewski', 'laura.wiśniewski@example.com', 'Francja', 'Biznes'),
(45, 'Tomasz', 'Santos', 'tomasz.santos@example.com', 'Hiszpania', 'Standard'),
(46, 'Hiro', 'Santos', 'hiro.santos@example.com', 'Wielka Brytania', 'Biznes'),
(47, 'Anna', 'Wiśniewski', 'anna.wiśniewski@example.com', 'Francja', 'Standard'),
(48, 'Tomasz', 'Bernardi', 'tomasz.bernardi@example.com', 'Niemcy', 'Biznes'),
(49, 'Anna', 'Santos', 'anna.santos@example.com', 'Japonia', 'VIP'),
(50, 'Julia', 'Wiśniewski', 'julia.wiśniewski@example.com', 'Wielka Brytania', 'Standard'),
(51, 'Anna', 'Williams', 'anna.williams@example.com', 'USA', 'Biznes'),
(52, 'Maria', 'Smith', 'maria.smith@example.com', 'Polska', 'VIP'),
(53, 'Jan', 'Tanaka', 'jan.tanaka@example.com', 'Japonia', 'Standard'),
(54, 'Chen', 'Wójcik', 'chen.wójcik@example.com', 'Chiny', 'Standard'),
(55, 'Tomasz', 'Smith', 'tomasz.smith@example.com', 'Hiszpania', 'Biznes'),
(56, 'Luca', 'Wiśniewski', 'luca.wiśniewski@example.com', 'Niemcy', 'Biznes'),
(57, 'Jan', 'Kowalska', 'jan.kowalska@example.com', 'Wielka Brytania', 'Standard'),
(58, 'Katarzyna', 'Wiśniewski', 'katarzyna.wiśniewski@example.com', 'Japonia', 'VIP'),
(59, 'Maria', 'Nowak', 'maria.nowak@example.com', 'Polska', 'VIP'),
(60, 'Laura', 'Kowalska', 'laura.kowalska@example.com', 'Wielka Brytania', 'VIP'),
(61, 'Tomasz', 'Chen', 'tomasz.chen@example.com', 'Chiny', 'Biznes'),
(62, 'Maria', 'Tanaka', 'maria.tanaka@example.com', 'Wielka Brytania', 'VIP'),
(63, 'Maria', 'Wójcik', 'maria.wójcik@example.com', 'Francja', 'Standard'),
(64, 'Luca', 'Chen', 'luca.chen@example.com', 'Niemcy', 'VIP'),
(65, 'Jan', 'Nowak', 'jan.nowak@example.com', 'USA', 'VIP'),
(66, 'Maria', 'Chen', 'maria.chen@example.com', 'Wielka Brytania', 'Biznes'),
(67, 'Jan', 'Tanaka', 'jan.tanaka@example.com', 'Hiszpania', 'VIP'),
(68, 'Jan', 'Wiśniewski', 'jan.wiśniewski@example.com', 'Niemcy', 'VIP'),
(69, 'Katarzyna', 'Wójcik', 'katarzyna.wójcik@example.com', 'Wielka Brytania', 'Biznes'),
(70, 'Julia', 'Bernardi', 'julia.bernardi@example.com', 'Hiszpania', 'Standard'),
(71, 'Julia', 'Tanaka', 'julia.tanaka@example.com', 'Włochy', 'Biznes'),
(72, 'Jan', 'Williams', 'jan.williams@example.com', 'USA', 'Standard'),
(73, 'Anna', 'Smith', 'anna.smith@example.com', 'Niemcy', 'Standard'),
(74, 'Chen', 'Tanaka', 'chen.tanaka@example.com', 'Wielka Brytania', 'Standard'),
(75, 'Katarzyna', 'Tanaka', 'katarzyna.tanaka@example.com', 'USA', 'Biznes'),
(76, 'Jan', 'Santos', 'jan.santos@example.com', 'Chiny', 'Biznes'),
(77, 'Anna', 'Nowak', 'anna.nowak@example.com', 'Niemcy', 'VIP'),
(78, 'Maria', 'Bernardi', 'maria.bernardi@example.com', 'USA', 'Standard'),
(79, 'Piotr', 'Smith', 'piotr.smith@example.com', 'USA', 'Biznes'),
(80, 'Maria', 'Wiśniewski', 'maria.wiśniewski@example.com', 'Wielka Brytania', 'Biznes'),
(81, 'Tomasz', 'Williams', 'tomasz.williams@example.com', 'USA', 'VIP'),
(82, 'Sarah', 'Tanaka', 'sarah.tanaka@example.com', 'Francja', 'Biznes'),
(83, 'Julia', 'Bernardi', 'julia.bernardi@example.com', 'Hiszpania', 'Biznes'),
(84, 'Laura', 'Williams', 'laura.williams@example.com', 'Chiny', 'Standard'),
(85, 'Luca', 'Wiśniewski', 'luca.wiśniewski@example.com', 'Japonia', 'VIP'),
(86, 'Luca', 'Nowak', 'luca.nowak@example.com', 'Japonia', 'Standard'),
(87, 'Anna', 'Wiśniewski', 'anna.wiśniewski@example.com', 'USA', 'VIP'),
(88, 'Laura', 'Kowalska', 'laura.kowalska@example.com', 'Włochy', 'Standard'),
(89, 'Sarah', 'Kowalska', 'sarah.kowalska@example.com', 'Wielka Brytania', 'Standard'),
(90, 'Piotr', 'Santos', 'piotr.santos@example.com', 'Hiszpania', 'Biznes'),
(91, 'Chen', 'Smith', 'chen.smith@example.com', 'Francja', 'Standard'),
(92, 'Hiro', 'Bernardi', 'hiro.bernardi@example.com', 'USA', 'VIP'),
(93, 'Tomasz', 'Bernardi', 'tomasz.bernardi@example.com', 'Francja', 'VIP'),
(94, 'Anna', 'Tanaka', 'anna.tanaka@example.com', 'Hiszpania', 'Standard'),
(95, 'Katarzyna', 'Wiśniewski', 'katarzyna.wiśniewski@example.com', 'Hiszpania', 'VIP'),
(96, 'Maria', 'Kowalska', 'maria.kowalska@example.com', 'Wielka Brytania', 'Standard'),
(97, 'Julia', 'Santos', 'julia.santos@example.com', 'Niemcy', 'VIP'),
(98, 'Luca', 'Kowalska', 'luca.kowalska@example.com', 'Włochy', 'Biznes'),
(99, 'Laura', 'Smith', 'laura.smith@example.com', 'USA', 'VIP'),
(100, 'Hiro', 'Wiśniewski', 'hiro.wiśniewski@example.com', 'Chiny', 'Standard'),
(101, 'Hiro', 'Bernardi', 'hiro.bernardi@example.com', 'Niemcy', 'Standard'),
(102, 'Sarah', 'Bernardi', 'sarah.bernardi@example.com', 'Włochy', 'Standard'),
(103, 'Sarah', 'Wójcik', 'sarah.wójcik@example.com', 'USA', 'VIP'),
(104, 'Julia', 'Chen', 'julia.chen@example.com', 'Francja', 'Biznes'),
(105, 'Sarah', 'Williams', 'sarah.williams@example.com', 'Chiny', 'Standard'),
(106, 'Luca', 'Wiśniewski', 'luca.wiśniewski@example.com', 'Włochy', 'Biznes'),
(107, 'Katarzyna', 'Williams', 'katarzyna.williams@example.com', 'USA', 'Standard'),
(108, 'Hiro', 'Kowalska', 'hiro.kowalska@example.com', 'Chiny', 'Standard'),
(109, 'Maria', 'Wiśniewski', 'maria.wiśniewski@example.com', 'Hiszpania', 'VIP'),
(110, 'Maria', 'Kowalska', 'maria.kowalska@example.com', 'Polska', 'Standard'),
(111, 'Chen', 'Nowak', 'chen.nowak@example.com', 'Wielka Brytania', 'Standard'),
(112, 'Hiro', 'Kowalska', 'hiro.kowalska@example.com', 'Polska', 'Standard'),
(113, 'Anna', 'Williams', 'anna.williams@example.com', 'Hiszpania', 'VIP'),
(114, 'Sarah', 'Kowalska', 'sarah.kowalska@example.com', 'Niemcy', 'Biznes'),
(115, 'Laura', 'Williams', 'laura.williams@example.com', 'Włochy', 'VIP'),
(116, 'Laura', 'Smith', 'laura.smith@example.com', 'Francja', 'VIP'),
(117, 'Laura', 'Smith', 'laura.smith@example.com', 'Niemcy', 'VIP'),
(118, 'Anna', 'Wójcik', 'anna.wójcik@example.com', 'Chiny', 'Biznes'),
(119, 'Katarzyna', 'Santos', 'katarzyna.santos@example.com', 'Hiszpania', 'VIP'),
(120, 'Katarzyna', 'Chen', 'katarzyna.chen@example.com', 'Japonia', 'Biznes'),
(121, 'Maria', 'Tanaka', 'maria.tanaka@example.com', 'Japonia', 'Standard'),
(122, 'Maria', 'Nowak', 'maria.nowak@example.com', 'Włochy', 'Standard'),
(123, 'Chen', 'Wójcik', 'chen.wójcik@example.com', 'Polska', 'VIP'),
(124, 'Hiro', 'Bernardi', 'hiro.bernardi@example.com', 'Włochy', 'Standard'),
(125, 'Piotr', 'Nowak', 'piotr.nowak@example.com', 'Hiszpania', 'Standard'),
(126, 'Maria', 'Williams', 'maria.williams@example.com', 'Włochy', 'VIP'),
(127, 'Hiro', 'Kowalska', 'hiro.kowalska@example.com', 'Włochy', 'VIP'),
(128, 'Hiro', 'Tanaka', 'hiro.tanaka@example.com', 'Japonia', 'Standard'),
(129, 'Tomasz', 'Nowak', 'tomasz.nowak@example.com', 'Japonia', 'VIP'),
(130, 'Sarah', 'Williams', 'sarah.williams@example.com', 'Niemcy', 'Standard'),
(131, 'Katarzyna', 'Santos', 'katarzyna.santos@example.com', 'Japonia', 'Standard'),
(132, 'Piotr', 'Santos', 'piotr.santos@example.com', 'Włochy', 'Biznes'),
(133, 'Chen', 'Tanaka', 'chen.tanaka@example.com', 'Hiszpania', 'Biznes'),
(134, 'Katarzyna', 'Bernardi', 'katarzyna.bernardi@example.com', 'Wielka Brytania', 'Standard'),
(135, 'Julia', 'Chen', 'julia.chen@example.com', 'Polska', 'Biznes'),
(136, 'Julia', 'Kowalska', 'julia.kowalska@example.com', 'Japonia', 'Biznes'),
(137, 'Luca', 'Wiśniewski', 'luca.wiśniewski@example.com', 'USA', 'VIP'),
(138, 'Piotr', 'Wiśniewski', 'piotr.wiśniewski@example.com', 'Polska', 'VIP'),
(139, 'Katarzyna', 'Tanaka', 'katarzyna.tanaka@example.com', 'Wielka Brytania', 'VIP'),
(140, 'Katarzyna', 'Chen', 'katarzyna.chen@example.com', 'Włochy', 'Biznes'),
(141, 'Tomasz', 'Bernardi', 'tomasz.bernardi@example.com', 'Wielka Brytania', 'Biznes'),
(142, 'Katarzyna', 'Smith', 'katarzyna.smith@example.com', 'Japonia', 'VIP'),
(143, 'Tomasz', 'Chen', 'tomasz.chen@example.com', 'Francja', 'VIP'),
(144, 'Katarzyna', 'Smith', 'katarzyna.smith@example.com', 'Włochy', 'Standard'),
(145, 'Katarzyna', 'Kowalska', 'katarzyna.kowalska@example.com', 'Niemcy', 'Standard'),
(146, 'Julia', 'Kowalska', 'julia.kowalska@example.com', 'Polska', 'Biznes'),
(147, 'Sarah', 'Williams', 'sarah.williams@example.com', 'Niemcy', 'Standard'),
(148, 'Maria', 'Kowalska', 'maria.kowalska@example.com', 'USA', 'Biznes'),
(149, 'Laura', 'Smith', 'laura.smith@example.com', 'Francja', 'Biznes'),
(150, 'Maria', 'Bernardi', 'maria.bernardi@example.com', 'Wielka Brytania', 'Standard'),
(151, 'Luca', 'Smith', 'luca.smith@example.com', 'Francja', 'VIP'),
(152, 'Maria', 'Tanaka', 'maria.tanaka@example.com', 'Niemcy', 'Standard'),
(153, 'Luca', 'Tanaka', 'luca.tanaka@example.com', 'Japonia', 'VIP'),
(154, 'Tomasz', 'Kowalska', 'tomasz.kowalska@example.com', 'Chiny', 'VIP'),
(155, 'Chen', 'Nowak', 'chen.nowak@example.com', 'Włochy', 'VIP'),
(156, 'Hiro', 'Williams', 'hiro.williams@example.com', 'Japonia', 'Standard'),
(157, 'Katarzyna', 'Nowak', 'katarzyna.nowak@example.com', 'Hiszpania', 'Standard'),
(158, 'Julia', 'Wiśniewski', 'julia.wiśniewski@example.com', 'Niemcy', 'VIP'),
(159, 'Luca', 'Wójcik', 'luca.wójcik@example.com', 'Polska', 'VIP'),
(160, 'Anna', 'Tanaka', 'anna.tanaka@example.com', 'Włochy', 'Standard'),
(161, 'Piotr', 'Wiśniewski', 'piotr.wiśniewski@example.com', 'Niemcy', 'Biznes'),
(162, 'Piotr', 'Wiśniewski', 'piotr.wiśniewski@example.com', 'Włochy', 'Biznes'),
(163, 'Julia', 'Kowalska', 'julia.kowalska@example.com', 'Hiszpania', 'VIP'),
(164, 'Anna', 'Bernardi', 'anna.bernardi@example.com', 'Francja', 'Standard'),
(165, 'Sarah', 'Chen', 'sarah.chen@example.com', 'Japonia', 'VIP'),
(166, 'Tomasz', 'Smith', 'tomasz.smith@example.com', 'Niemcy', 'VIP'),
(167, 'Jan', 'Nowak', 'jan.nowak@example.com', 'Włochy', 'Biznes'),
(168, 'Luca', 'Nowak', 'luca.nowak@example.com', 'Niemcy', 'Standard'),
(169, 'Laura', 'Wiśniewski', 'laura.wiśniewski@example.com', 'Hiszpania', 'VIP'),
(170, 'Tomasz', 'Wiśniewski', 'tomasz.wiśniewski@example.com', 'Polska', 'VIP'),
(171, 'Anna', 'Smith', 'anna.smith@example.com', 'Hiszpania', 'Standard'),
(172, 'Piotr', 'Kowalska', 'piotr.kowalska@example.com', 'Chiny', 'Biznes'),
(173, 'Jan', 'Wójcik', 'jan.wójcik@example.com', 'Hiszpania', 'Standard'),
(174, 'Tomasz', 'Tanaka', 'tomasz.tanaka@example.com', 'Chiny', 'Biznes'),
(175, 'Piotr', 'Wójcik', 'piotr.wójcik@example.com', 'Wielka Brytania', 'Biznes'),
(176, 'Chen', 'Kowalska', 'chen.kowalska@example.com', 'Włochy', 'Standard'),
(177, 'Sarah', 'Santos', 'sarah.santos@example.com', 'Francja', 'Biznes'),
(178, 'Piotr', 'Santos', 'piotr.santos@example.com', 'Chiny', 'Standard'),
(179, 'Jan', 'Williams', 'jan.williams@example.com', 'Chiny', 'Biznes'),
(180, 'Julia', 'Smith', 'julia.smith@example.com', 'Wielka Brytania', 'Biznes'),
(181, 'Laura', 'Wiśniewski', 'laura.wiśniewski@example.com', 'Wielka Brytania', 'VIP'),
(182, 'Anna', 'Chen', 'anna.chen@example.com', 'Chiny', 'VIP'),
(183, 'Tomasz', 'Nowak', 'tomasz.nowak@example.com', 'Hiszpania', 'Biznes'),
(184, 'Hiro', 'Kowalska', 'hiro.kowalska@example.com', 'Niemcy', 'VIP'),
(185, 'Julia', 'Tanaka', 'julia.tanaka@example.com', 'Niemcy', 'Standard'),
(186, 'Julia', 'Tanaka', 'julia.tanaka@example.com', 'Włochy', 'Standard'),
(187, 'Piotr', 'Wójcik', 'piotr.wójcik@example.com', 'Polska', 'Standard'),
(188, 'Anna', 'Wiśniewski', 'anna.wiśniewski@example.com', 'Francja', 'Standard'),
(189, 'Maria', 'Wiśniewski', 'maria.wiśniewski@example.com', 'Japonia', 'Standard'),
(190, 'Luca', 'Kowalska', 'luca.kowalska@example.com', 'Wielka Brytania', 'Biznes'),
(191, 'Jan', 'Wójcik', 'jan.wójcik@example.com', 'Hiszpania', 'Biznes'),
(192, 'Hiro', 'Williams', 'hiro.williams@example.com', 'USA', 'Standard'),
(193, 'Piotr', 'Tanaka', 'piotr.tanaka@example.com', 'Japonia', 'VIP'),
(194, 'Laura', 'Santos', 'laura.santos@example.com', 'Japonia', 'VIP'),
(195, 'Luca', 'Wójcik', 'luca.wójcik@example.com', 'Hiszpania', 'Standard'),
(196, 'Katarzyna', 'Nowak', 'katarzyna.nowak@example.com', 'USA', 'Standard'),
(197, 'Maria', 'Chen', 'maria.chen@example.com', 'Francja', 'Biznes'),
(198, 'Katarzyna', 'Wiśniewski', 'katarzyna.wiśniewski@example.com', 'Włochy', 'Biznes'),
(199, 'Anna', 'Kowalska', 'anna.kowalska@example.com', 'Włochy', 'Biznes'),
(200, 'Chen', 'Wójcik', 'chen.wójcik@example.com', 'USA', 'VIP');

INSERT INTO Opinia VALUES
(1, 20, 9, '2024-07-25', 4, 'Super pobyt'),
(2, 138, 8, '2024-02-29', 4, 'Średnio'),
(3, 112, 12, '2025-03-29', 3, 'Bardzo dobrze'),
(4, 28, 12, '2024-04-05', 1, 'Zbyt głośno'),
(5, 69, 10, '2024-12-12', 5, 'Polecam'),
(6, 39, 3, '2024-10-18', 5, 'Super pobyt'),
(7, 186, 6, '2024-08-10', 2, 'Super pobyt'),
(8, 28, 2, '2024-06-05', 4, 'Super pobyt'),
(9, 29, 2, '2025-04-03', 4, 'Polecam'),
(10, 128, 2, '2025-02-19', 1, 'Zbyt głośno'),
(11, 160, 8, '2024-12-05', 4, 'Zbyt głośno'),
(12, 57, 8, '2024-08-29', 2, 'Średnio'),
(13, 97, 7, '2024-07-27', 3, 'Super pobyt'),
(14, 30, 9, '2025-04-15', 3, 'Zbyt głośno'),
(15, 148, 4, '2024-08-23', 3, 'Polecam'),
(16, 161, 6, '2024-09-09', 1, 'Super pobyt'),
(17, 185, 7, '2025-04-09', 5, 'Zbyt głośno'),
(18, 13, 8, '2024-09-19', 4, 'Polecam'),
(19, 23, 8, '2024-05-02', 3, 'Bardzo dobrze'),
(20, 154, 9, '2024-11-10', 5, 'Polecam'),
(21, 30, 1, '2024-04-30', 1, 'Bardzo dobrze'),
(22, 138, 1, '2025-03-28', 2, 'Super pobyt'),
(23, 128, 6, '2024-12-25', 1, 'Bardzo dobrze'),
(24, 85, 5, '2024-07-19', 3, 'Bardzo dobrze'),
(25, 119, 7, '2024-05-30', 1, 'Bardzo dobrze'),
(26, 106, 5, '2025-01-04', 5, 'Super pobyt'),
(27, 31, 11, '2024-05-09', 4, 'Super pobyt'),
(28, 183, 6, '2024-07-18', 3, 'Super pobyt'),
(29, 35, 9, '2024-08-29', 5, 'Bardzo dobrze'),
(30, 165, 9, '2024-08-17', 4, 'Zbyt głośno'),
(31, 7, 6, '2025-03-08', 5, 'Zbyt głośno'),
(32, 76, 3, '2024-12-14', 5, 'Polecam'),
(33, 30, 1, '2024-11-03', 2, 'Polecam'),
(34, 129, 7, '2024-05-24', 5, 'Polecam'),
(35, 170, 10, '2024-05-25', 1, 'Bardzo dobrze'),
(36, 172, 9, '2024-12-13', 2, 'Bardzo dobrze'),
(37, 197, 4, '2025-01-28', 2, 'Bardzo dobrze'),
(38, 97, 7, '2025-01-08', 2, 'Polecam'),
(39, 110, 8, '2024-11-05', 3, 'Polecam'),
(40, 113, 12, '2024-06-28', 5, 'Zbyt głośno'),
(41, 57, 11, '2025-01-16', 2, 'Super pobyt'),
(42, 4, 12, '2025-03-28', 1, 'Zbyt głośno'),
(43, 125, 7, '2024-06-23', 5, 'Zbyt głośno'),
(44, 37, 1, '2024-08-14', 1, 'Bardzo dobrze'),
(45, 155, 7, '2024-03-04', 2, 'Bardzo dobrze'),
(46, 131, 12, '2024-08-24', 1, 'Polecam'),
(47, 105, 9, '2024-03-17', 2, 'Zbyt głośno'),
(48, 99, 1, '2024-10-15', 2, 'Zbyt głośno'),
(49, 115, 9, '2024-11-18', 1, 'Polecam'),
(50, 148, 4, '2024-12-24', 3, 'Bardzo dobrze'),
(51, 15, 1, '2024-10-27', 5, 'Średnio'),
(52, 135, 8, '2024-05-10', 3, 'Średnio'),
(53, 6, 2, '2024-06-01', 1, 'Zbyt głośno'),
(54, 161, 2, '2024-02-05', 3, 'Zbyt głośno'),
(55, 154, 12, '2025-03-12', 3, 'Średnio'),
(56, 135, 12, '2025-03-13', 5, 'Polecam'),
(57, 152, 12, '2025-02-07', 3, 'Średnio'),
(58, 148, 1, '2025-04-18', 5, 'Super pobyt'),
(59, 100, 6, '2024-12-21', 3, 'Średnio'),
(60, 45, 4, '2024-05-13', 3, 'Bardzo dobrze'),
(61, 135, 12, '2024-11-01', 3, 'Super pobyt'),
(62, 180, 4, '2024-09-04', 5, 'Zbyt głośno'),
(63, 18, 11, '2024-07-24', 3, 'Bardzo dobrze'),
(64, 87, 3, '2024-02-17', 4, 'Polecam'),
(65, 74, 3, '2024-05-01', 2, 'Średnio'),
(66, 161, 11, '2025-01-13', 2, 'Super pobyt'),
(67, 131, 1, '2024-08-31', 5, 'Polecam'),
(68, 68, 12, '2024-02-13', 3, 'Średnio'),
(69, 105, 12, '2024-01-18', 4, 'Polecam'),
(70, 112, 9, '2025-01-13', 4, 'Średnio'),
(71, 148, 12, '2024-09-25', 4, 'Polecam'),
(72, 126, 5, '2024-03-12', 5, 'Super pobyt'),
(73, 9, 3, '2025-02-20', 2, 'Super pobyt'),
(74, 112, 10, '2024-12-12', 5, 'Super pobyt'),
(75, 12, 4, '2024-09-14', 5, 'Polecam'),
(76, 70, 7, '2025-04-14', 2, 'Zbyt głośno'),
(77, 189, 7, '2024-04-14', 2, 'Bardzo dobrze'),
(78, 80, 11, '2024-06-10', 5, 'Zbyt głośno'),
(79, 198, 12, '2025-01-29', 1, 'Polecam'),
(80, 32, 1, '2025-02-24', 3, 'Bardzo dobrze'),
(81, 8, 10, '2024-07-17', 3, 'Bardzo dobrze'),
(82, 154, 8, '2024-12-27', 2, 'Polecam'),
(83, 140, 12, '2024-01-26', 4, 'Bardzo dobrze'),
(84, 170, 4, '2024-03-21', 5, 'Super pobyt'),
(85, 53, 2, '2024-05-16', 1, 'Super pobyt'),
(86, 122, 2, '2024-10-23', 1, 'Super pobyt'),
(87, 125, 6, '2024-02-06', 4, 'Bardzo dobrze'),
(88, 132, 7, '2025-05-06', 2, 'Super pobyt'),
(89, 73, 6, '2024-07-25', 1, 'Zbyt głośno'),
(90, 147, 1, '2025-01-19', 3, 'Polecam'),
(91, 183, 2, '2025-03-09', 5, 'Polecam'),
(92, 108, 2, '2024-03-04', 5, 'Polecam'),
(93, 146, 11, '2024-12-29', 1, 'Super pobyt'),
(94, 11, 3, '2024-08-17', 2, 'Super pobyt'),
(95, 127, 3, '2024-05-31', 5, 'Zbyt głośno'),
(96, 171, 4, '2025-02-27', 2, 'Polecam'),
(97, 183, 5, '2024-07-20', 3, 'Polecam'),
(98, 146, 12, '2024-05-07', 5, 'Super pobyt'),
(99, 177, 12, '2025-05-02', 5, 'Polecam'),
(100, 172, 1, '2024-04-20', 5, 'Zbyt głośno'),
(101, 3, 1, '2024-12-02', 1, 'Polecam'),
(102, 146, 3, '2024-01-08', 3, 'Super pobyt'),
(103, 121, 11, '2024-10-06', 3, 'Bardzo dobrze'),
(104, 120, 12, '2024-12-26', 3, 'Średnio'),
(105, 150, 7, '2024-03-25', 4, 'Zbyt głośno'),
(106, 10, 8, '2024-03-19', 5, 'Bardzo dobrze'),
(107, 44, 2, '2024-05-25', 5, 'Super pobyt'),
(108, 146, 12, '2024-07-15', 1, 'Polecam'),
(109, 119, 5, '2024-12-19', 3, 'Średnio'),
(110, 135, 5, '2024-10-16', 3, 'Średnio'),
(111, 12, 1, '2024-10-22', 1, 'Bardzo dobrze'),
(112, 156, 9, '2024-05-12', 4, 'Bardzo dobrze'),
(113, 47, 9, '2025-03-31', 3, 'Bardzo dobrze'),
(114, 42, 8, '2025-03-04', 1, 'Polecam'),
(115, 181, 10, '2024-02-07', 3, 'Średnio'),
(116, 199, 5, '2024-05-19', 2, 'Bardzo dobrze'),
(117, 38, 1, '2025-03-19', 3, 'Średnio'),
(118, 181, 5, '2024-11-11', 1, 'Bardzo dobrze'),
(119, 146, 9, '2024-01-22', 3, 'Bardzo dobrze'),
(120, 192, 11, '2024-01-16', 3, 'Średnio'),
(121, 93, 4, '2024-06-06', 1, 'Zbyt głośno'),
(122, 90, 8, '2025-01-12', 3, 'Zbyt głośno'),
(123, 11, 3, '2024-08-09', 4, 'Średnio'),
(124, 88, 5, '2025-05-03', 1, 'Zbyt głośno'),
(125, 166, 5, '2024-06-15', 3, 'Polecam'),
(126, 154, 6, '2024-10-28', 2, 'Średnio'),
(127, 79, 2, '2024-05-05', 5, 'Średnio'),
(128, 182, 2, '2024-04-01', 3, 'Bardzo dobrze'),
(129, 15, 8, '2024-12-13', 1, 'Super pobyt'),
(130, 26, 12, '2025-04-24', 5, 'Średnio'),
(131, 58, 7, '2024-07-19', 3, 'Zbyt głośno'),
(132, 189, 7, '2024-07-23', 2, 'Polecam'),
(133, 192, 5, '2025-03-25', 5, 'Średnio'),
(134, 12, 3, '2024-09-12', 1, 'Polecam'),
(135, 166, 7, '2025-04-15', 5, 'Bardzo dobrze'),
(136, 69, 7, '2024-04-07', 5, 'Zbyt głośno'),
(137, 50, 9, '2025-03-07', 4, 'Średnio'),
(138, 194, 12, '2024-10-29', 5, 'Super pobyt'),
(139, 12, 6, '2024-03-19', 3, 'Średnio'),
(140, 90, 2, '2024-04-14', 5, 'Średnio'),
(141, 99, 3, '2024-01-21', 4, 'Polecam'),
(142, 175, 6, '2024-05-02', 1, 'Super pobyt'),
(143, 46, 5, '2024-12-17', 5, 'Średnio'),
(144, 157, 7, '2024-07-28', 3, 'Zbyt głośno'),
(145, 89, 5, '2024-09-15', 1, 'Zbyt głośno'),
(146, 136, 4, '2024-12-30', 1, 'Polecam'),
(147, 171, 9, '2024-10-02', 2, 'Polecam'),
(148, 108, 5, '2025-01-12', 3, 'Bardzo dobrze'),
(149, 148, 7, '2024-08-18', 2, 'Średnio'),
(150, 185, 10, '2024-04-07', 2, 'Polecam'),
(151, 38, 3, '2024-02-15', 4, 'Super pobyt'),
(152, 194, 7, '2024-06-12', 3, 'Super pobyt'),
(153, 74, 2, '2024-04-29', 5, 'Zbyt głośno'),
(154, 93, 7, '2024-01-14', 5, 'Super pobyt'),
(155, 117, 9, '2025-01-04', 4, 'Polecam'),
(156, 173, 4, '2024-09-12', 3, 'Super pobyt'),
(157, 62, 7, '2024-05-11', 1, 'Polecam'),
(158, 32, 2, '2025-04-03', 3, 'Bardzo dobrze'),
(159, 43, 8, '2024-12-20', 4, 'Polecam'),
(160, 89, 7, '2025-04-04', 1, 'Zbyt głośno'),
(161, 156, 10, '2024-05-08', 4, 'Polecam'),
(162, 116, 3, '2025-02-05', 1, 'Super pobyt'),
(163, 101, 10, '2024-09-10', 1, 'Zbyt głośno'),
(164, 10, 3, '2024-01-06', 2, 'Średnio'),
(165, 61, 9, '2024-09-25', 1, 'Zbyt głośno'),
(166, 52, 10, '2024-04-09', 2, 'Polecam'),
(167, 101, 8, '2025-01-26', 5, 'Super pobyt'),
(168, 93, 1, '2024-04-14', 3, 'Zbyt głośno'),
(169, 167, 6, '2024-06-11', 1, 'Super pobyt'),
(170, 15, 9, '2025-04-17', 1, 'Bardzo dobrze'),
(171, 74, 3, '2025-04-22', 1, 'Bardzo dobrze'),
(172, 117, 5, '2025-04-05', 5, 'Bardzo dobrze'),
(173, 44, 2, '2025-01-28', 2, 'Bardzo dobrze'),
(174, 35, 12, '2024-10-16', 5, 'Super pobyt'),
(175, 7, 3, '2024-04-09', 4, 'Średnio'),
(176, 101, 6, '2025-05-04', 1, 'Polecam'),
(177, 173, 7, '2024-03-31', 3, 'Bardzo dobrze'),
(178, 146, 4, '2024-12-01', 3, 'Zbyt głośno'),
(179, 107, 5, '2024-04-30', 1, 'Średnio'),
(180, 151, 10, '2024-02-26', 4, 'Super pobyt'),
(181, 25, 5, '2024-12-16', 3, 'Zbyt głośno'),
(182, 19, 11, '2024-06-26', 1, 'Polecam'),
(183, 186, 12, '2024-04-23', 2, 'Bardzo dobrze'),
(184, 6, 4, '2024-06-26', 4, 'Średnio'),
(185, 141, 2, '2024-01-22', 2, 'Super pobyt'),
(186, 190, 8, '2024-07-02', 1, 'Super pobyt'),
(187, 136, 3, '2024-10-26', 2, 'Polecam'),
(188, 32, 7, '2024-09-08', 4, 'Super pobyt'),
(189, 4, 7, '2024-09-09', 4, 'Bardzo dobrze'),
(190, 144, 1, '2024-11-16', 3, 'Średnio'),
(191, 62, 5, '2024-04-28', 5, 'Zbyt głośno'),
(192, 176, 1, '2024-01-15', 3, 'Polecam'),
(193, 70, 3, '2024-04-06', 1, 'Super pobyt'),
(194, 34, 8, '2025-02-10', 1, 'Bardzo dobrze'),
(195, 103, 7, '2024-12-19', 3, 'Średnio'),
(196, 119, 10, '2024-03-30', 3, 'Zbyt głośno'),
(197, 52, 4, '2025-04-10', 4, 'Zbyt głośno'),
(198, 28, 7, '2024-12-06', 4, 'Polecam'),
(199, 74, 2, '2024-07-10', 2, 'Polecam'),
(200, 30, 7, '2024-03-16', 4, 'Polecam'),
(201, 92, 4, '2024-01-29', 5, 'Bardzo dobrze'),
(202, 138, 5, '2024-12-31', 1, 'Bardzo dobrze'),
(203, 20, 6, '2025-01-03', 1, 'Polecam'),
(204, 66, 8, '2024-08-29', 5, 'Średnio'),
(205, 18, 12, '2025-02-14', 4, 'Bardzo dobrze'),
(206, 14, 1, '2025-03-09', 5, 'Super pobyt'),
(207, 35, 11, '2025-01-07', 5, 'Zbyt głośno'),
(208, 191, 4, '2024-10-26', 5, 'Bardzo dobrze'),
(209, 173, 6, '2024-06-18', 3, 'Super pobyt'),
(210, 143, 2, '2025-01-27', 3, 'Bardzo dobrze'),
(211, 115, 6, '2025-01-11', 1, 'Super pobyt'),
(212, 66, 11, '2025-01-22', 1, 'Zbyt głośno'),
(213, 11, 8, '2024-01-12', 5, 'Polecam'),
(214, 88, 3, '2024-10-14', 1, 'Polecam'),
(215, 196, 8, '2024-11-28', 2, 'Polecam'),
(216, 157, 2, '2024-07-27', 5, 'Super pobyt'),
(217, 80, 1, '2024-01-16', 5, 'Super pobyt'),
(218, 122, 6, '2024-12-29', 5, 'Zbyt głośno'),
(219, 107, 3, '2024-10-01', 4, 'Średnio'),
(220, 108, 12, '2024-11-19', 2, 'Zbyt głośno'),
(221, 185, 12, '2024-11-13', 4, 'Zbyt głośno'),
(222, 138, 11, '2024-11-26', 4, 'Średnio'),
(223, 172, 5, '2024-07-02', 3, 'Średnio'),
(224, 79, 3, '2025-04-25', 3, 'Bardzo dobrze'),
(225, 99, 1, '2024-10-16', 2, 'Średnio'),
(226, 7, 11, '2024-02-13', 4, 'Średnio'),
(227, 1, 5, '2025-02-27', 5, 'Zbyt głośno'),
(228, 70, 5, '2025-04-25', 3, 'Polecam'),
(229, 152, 12, '2024-12-19', 5, 'Średnio'),
(230, 30, 7, '2024-07-16', 3, 'Super pobyt'),
(231, 162, 10, '2024-05-30', 2, 'Średnio'),
(232, 187, 12, '2024-05-23', 5, 'Bardzo dobrze'),
(233, 99, 11, '2024-08-04', 1, 'Bardzo dobrze'),
(234, 143, 11, '2024-03-29', 1, 'Średnio'),
(235, 68, 6, '2025-02-11', 2, 'Bardzo dobrze'),
(236, 123, 1, '2024-12-28', 4, 'Średnio'),
(237, 162, 11, '2024-11-21', 5, 'Zbyt głośno'),
(238, 160, 3, '2025-03-29', 3, 'Polecam'),
(239, 102, 2, '2024-07-29', 4, 'Super pobyt'),
(240, 122, 1, '2024-04-07', 2, 'Super pobyt'),
(241, 118, 4, '2024-08-16', 2, 'Zbyt głośno'),
(242, 152, 4, '2025-04-22', 3, 'Super pobyt'),
(243, 94, 4, '2024-01-03', 3, 'Bardzo dobrze'),
(244, 102, 8, '2025-03-16', 3, 'Polecam'),
(245, 108, 4, '2024-05-29', 3, 'Bardzo dobrze'),
(246, 77, 11, '2024-06-05', 1, 'Super pobyt'),
(247, 105, 2, '2025-01-09', 4, 'Zbyt głośno'),
(248, 103, 9, '2024-04-20', 5, 'Średnio'),
(249, 11, 9, '2024-03-09', 5, 'Średnio'),
(250, 149, 8, '2024-05-24', 3, 'Polecam'),
(251, 96, 8, '2024-05-29', 4, 'Zbyt głośno'),
(252, 172, 9, '2025-03-23', 4, 'Super pobyt'),
(253, 164, 3, '2025-01-07', 5, 'Bardzo dobrze'),
(254, 191, 9, '2025-02-17', 4, 'Polecam'),
(255, 80, 9, '2024-01-15', 5, 'Bardzo dobrze'),
(256, 44, 3, '2025-04-04', 4, 'Super pobyt'),
(257, 190, 9, '2025-02-21', 4, 'Super pobyt'),
(258, 119, 4, '2024-07-08', 3, 'Zbyt głośno'),
(259, 71, 5, '2024-10-10', 5, 'Polecam'),
(260, 172, 5, '2024-05-22', 3, 'Bardzo dobrze'),
(261, 104, 7, '2024-06-29', 4, 'Bardzo dobrze'),
(262, 181, 11, '2024-08-06', 3, 'Bardzo dobrze'),
(263, 92, 11, '2024-10-07', 2, 'Średnio'),
(264, 164, 1, '2024-12-11', 2, 'Polecam'),
(265, 62, 4, '2024-10-24', 5, 'Bardzo dobrze'),
(266, 132, 3, '2024-09-16', 5, 'Super pobyt'),
(267, 43, 9, '2024-01-24', 2, 'Średnio'),
(268, 172, 12, '2025-05-11', 2, 'Zbyt głośno'),
(269, 54, 8, '2024-03-14', 4, 'Średnio'),
(270, 165, 12, '2025-01-08', 5, 'Bardzo dobrze'),
(271, 145, 2, '2025-02-10', 1, 'Średnio'),
(272, 127, 2, '2024-03-13', 3, 'Super pobyt'),
(273, 4, 2, '2024-01-25', 1, 'Średnio'),
(274, 18, 11, '2024-09-25', 3, 'Polecam'),
(275, 169, 2, '2025-03-21', 5, 'Bardzo dobrze'),
(276, 82, 12, '2025-02-11', 1, 'Bardzo dobrze'),
(277, 173, 4, '2024-10-10', 4, 'Super pobyt'),
(278, 186, 6, '2024-11-12', 3, 'Bardzo dobrze'),
(279, 135, 5, '2024-12-21', 1, 'Bardzo dobrze'),
(280, 154, 10, '2025-01-29', 4, 'Średnio'),
(281, 131, 8, '2024-05-21', 2, 'Super pobyt'),
(282, 88, 3, '2024-07-25', 1, 'Średnio'),
(283, 176, 2, '2024-07-05', 3, 'Zbyt głośno'),
(284, 123, 9, '2024-08-26', 3, 'Super pobyt'),
(285, 59, 8, '2024-10-22', 3, 'Polecam'),
(286, 146, 5, '2025-04-18', 3, 'Super pobyt'),
(287, 118, 9, '2024-01-19', 5, 'Bardzo dobrze'),
(288, 52, 1, '2024-08-01', 2, 'Bardzo dobrze'),
(289, 148, 4, '2025-03-30', 3, 'Średnio'),
(290, 18, 6, '2025-02-13', 5, 'Zbyt głośno'),
(291, 157, 11, '2024-05-26', 2, 'Polecam'),
(292, 107, 5, '2024-05-14', 5, 'Średnio'),
(293, 199, 9, '2024-12-28', 1, 'Zbyt głośno'),
(294, 3, 2, '2024-02-12', 3, 'Super pobyt'),
(295, 17, 6, '2024-01-17', 3, 'Super pobyt'),
(296, 139, 8, '2024-07-04', 1, 'Zbyt głośno'),
(297, 114, 4, '2024-07-20', 1, 'Zbyt głośno'),
(298, 155, 9, '2025-05-06', 3, 'Super pobyt'),
(299, 124, 6, '2024-01-23', 2, 'Super pobyt'),
(300, 106, 9, '2025-03-15', 4, 'Bardzo dobrze'),
(301, 62, 1, '2024-10-15', 5, 'Polecam'),
(302, 123, 5, '2024-11-05', 2, 'Bardzo dobrze'),
(303, 98, 1, '2024-05-14', 4, 'Zbyt głośno'),
(304, 33, 8, '2024-12-31', 4, 'Bardzo dobrze'),
(305, 158, 8, '2024-11-10', 2, 'Zbyt głośno'),
(306, 164, 6, '2024-03-10', 3, 'Polecam'),
(307, 45, 4, '2024-11-28', 4, 'Bardzo dobrze'),
(308, 105, 7, '2025-02-06', 3, 'Bardzo dobrze'),
(309, 160, 11, '2024-12-16', 2, 'Zbyt głośno'),
(310, 81, 4, '2024-04-23', 4, 'Super pobyt'),
(311, 148, 2, '2025-05-07', 2, 'Super pobyt'),
(312, 87, 1, '2025-04-22', 2, 'Super pobyt'),
(313, 113, 8, '2024-10-04', 4, 'Średnio'),
(314, 33, 3, '2024-09-27', 5, 'Super pobyt'),
(315, 47, 11, '2024-07-15', 3, 'Zbyt głośno'),
(316, 120, 7, '2025-01-06', 3, 'Super pobyt'),
(317, 114, 9, '2024-12-17', 4, 'Super pobyt'),
(318, 156, 11, '2024-07-16', 5, 'Zbyt głośno'),
(319, 1, 11, '2024-09-25', 4, 'Super pobyt'),
(320, 118, 6, '2024-07-15', 3, 'Super pobyt'),
(321, 139, 8, '2024-12-18', 3, 'Zbyt głośno'),
(322, 42, 10, '2025-01-27', 2, 'Polecam'),
(323, 114, 8, '2024-06-03', 4, 'Super pobyt'),
(324, 122, 1, '2024-07-30', 1, 'Średnio'),
(325, 52, 10, '2024-12-09', 3, 'Zbyt głośno'),
(326, 142, 1, '2024-08-19', 4, 'Średnio'),
(327, 188, 3, '2024-10-31', 3, 'Polecam'),
(328, 40, 10, '2024-05-13', 2, 'Zbyt głośno'),
(329, 37, 1, '2025-03-20', 2, 'Super pobyt'),
(330, 126, 2, '2024-08-25', 3, 'Zbyt głośno'),
(331, 119, 11, '2024-12-27', 5, 'Polecam'),
(332, 20, 11, '2024-07-09', 5, 'Bardzo dobrze'),
(333, 82, 7, '2024-10-25', 2, 'Zbyt głośno'),
(334, 23, 3, '2025-05-12', 1, 'Zbyt głośno'),
(335, 48, 6, '2024-04-18', 1, 'Zbyt głośno'),
(336, 62, 1, '2024-01-29', 4, 'Super pobyt'),
(337, 112, 9, '2024-12-12', 4, 'Zbyt głośno'),
(338, 118, 5, '2024-06-18', 1, 'Super pobyt'),
(339, 73, 5, '2024-12-18', 4, 'Polecam'),
(340, 40, 5, '2024-01-03', 3, 'Bardzo dobrze'),
(341, 178, 8, '2024-03-26', 4, 'Zbyt głośno'),
(342, 119, 4, '2024-08-02', 3, 'Polecam'),
(343, 176, 6, '2024-05-13', 4, 'Super pobyt'),
(344, 36, 2, '2025-04-05', 2, 'Polecam'),
(345, 35, 12, '2024-09-15', 5, 'Bardzo dobrze'),
(346, 189, 10, '2024-08-08', 5, 'Zbyt głośno'),
(347, 22, 3, '2024-04-08', 2, 'Polecam'),
(348, 88, 4, '2024-02-02', 3, 'Bardzo dobrze'),
(349, 82, 9, '2024-01-27', 1, 'Super pobyt'),
(350, 117, 1, '2024-03-25', 2, 'Zbyt głośno'),
(351, 84, 5, '2025-03-04', 3, 'Zbyt głośno'),
(352, 53, 11, '2024-06-22', 5, 'Super pobyt'),
(353, 78, 4, '2024-09-14', 2, 'Średnio'),
(354, 19, 6, '2024-10-30', 2, 'Bardzo dobrze'),
(355, 180, 11, '2024-03-07', 1, 'Średnio'),
(356, 49, 1, '2025-04-26', 2, 'Średnio'),
(357, 130, 11, '2024-04-16', 2, 'Zbyt głośno'),
(358, 21, 7, '2025-02-15', 5, 'Super pobyt'),
(359, 63, 2, '2025-03-06', 3, 'Zbyt głośno'),
(360, 36, 9, '2025-05-06', 2, 'Zbyt głośno'),
(361, 163, 2, '2024-11-10', 2, 'Średnio'),
(362, 68, 9, '2025-05-02', 1, 'Super pobyt'),
(363, 133, 5, '2024-06-14', 3, 'Polecam'),
(364, 117, 5, '2025-02-17', 3, 'Zbyt głośno'),
(365, 99, 6, '2024-07-08', 2, 'Super pobyt'),
(366, 153, 4, '2024-06-10', 4, 'Średnio'),
(367, 13, 5, '2025-02-24', 2, 'Zbyt głośno'),
(368, 121, 11, '2025-01-16', 1, 'Średnio'),
(369, 112, 2, '2025-02-18', 1, 'Polecam'),
(370, 103, 2, '2024-06-25', 3, 'Super pobyt'),
(371, 147, 8, '2024-09-15', 3, 'Zbyt głośno'),
(372, 47, 1, '2024-07-16', 1, 'Polecam'),
(373, 40, 4, '2024-02-28', 4, 'Zbyt głośno'),
(374, 47, 3, '2024-05-20', 3, 'Polecam'),
(375, 156, 7, '2024-01-20', 2, 'Super pobyt'),
(376, 27, 9, '2024-01-20', 4, 'Super pobyt'),
(377, 172, 4, '2025-01-08', 5, 'Średnio'),
(378, 44, 3, '2024-08-29', 2, 'Bardzo dobrze'),
(379, 178, 6, '2024-07-02', 3, 'Super pobyt'),
(380, 22, 1, '2024-08-03', 5, 'Zbyt głośno'),
(381, 156, 2, '2024-01-26', 5, 'Polecam'),
(382, 3, 8, '2024-04-02', 2, 'Super pobyt'),
(383, 141, 4, '2024-05-05', 5, 'Polecam'),
(384, 161, 12, '2024-09-18', 4, 'Średnio'),
(385, 47, 9, '2024-12-04', 1, 'Średnio'),
(386, 144, 5, '2024-04-19', 5, 'Zbyt głośno'),
(387, 73, 5, '2024-07-02', 3, 'Średnio'),
(388, 94, 4, '2024-12-31', 2, 'Średnio'),
(389, 85, 11, '2024-06-29', 5, 'Średnio'),
(390, 35, 9, '2025-01-02', 2, 'Bardzo dobrze'),
(391, 136, 2, '2024-03-06', 4, 'Średnio'),
(392, 67, 5, '2024-01-22', 5, 'Polecam'),
(393, 148, 11, '2024-05-29', 4, 'Super pobyt'),
(394, 104, 5, '2024-06-07', 4, 'Zbyt głośno'),
(395, 99, 2, '2024-10-26', 1, 'Bardzo dobrze'),
(396, 1, 12, '2024-01-28', 4, 'Zbyt głośno'),
(397, 129, 6, '2024-04-12', 1, 'Super pobyt'),
(398, 4, 9, '2025-05-08', 2, 'Zbyt głośno'),
(399, 40, 11, '2024-07-09', 2, 'Bardzo dobrze'),
(400, 30, 3, '2024-03-05', 2, 'Średnio');

INSERT INTO OcenaSzczegolowa VALUES
(1, 1, 'Lokalizacja', 3),
(2, 1, 'Czystość', 2),
(3, 2, 'Czystość', 2),
(4, 2, 'Jedzenie', 2),
(5, 3, 'Czystość', 5),
(6, 3, 'Komfort', 4),
(7, 4, 'Lokalizacja', 5),
(8, 4, 'Komfort', 5),
(9, 5, 'Czystość', 2),
(10, 5, 'Jedzenie', 1),
(11, 6, 'Obsługa', 4),
(12, 6, 'Komfort', 2),
(13, 7, 'Obsługa', 1),
(14, 7, 'Czystość', 5),
(15, 8, 'Jedzenie', 5),
(16, 8, 'Jedzenie', 2),
(17, 9, 'Czystość', 5),
(18, 9, 'Czystość', 3),
(19, 10, 'Komfort', 3),
(20, 10, 'Lokalizacja', 4),
(21, 11, 'Lokalizacja', 3),
(22, 11, 'Jedzenie', 4),
(23, 12, 'Czystość', 4),
(24, 12, 'Lokalizacja', 2),
(25, 13, 'Komfort', 4),
(26, 13, 'Obsługa', 3),
(27, 14, 'Czystość', 5),
(28, 14, 'Lokalizacja', 3),
(29, 15, 'Komfort', 3),
(30, 15, 'Obsługa', 2),
(31, 16, 'Czystość', 3),
(32, 16, 'Czystość', 1),
(33, 17, 'Lokalizacja', 4),
(34, 17, 'Lokalizacja', 3),
(35, 18, 'Czystość', 2),
(36, 18, 'Lokalizacja', 5),
(37, 19, 'Komfort', 5),
(38, 19, 'Obsługa', 3),
(39, 20, 'Lokalizacja', 3),
(40, 20, 'Jedzenie', 3),
(41, 21, 'Obsługa', 5),
(42, 21, 'Lokalizacja', 1),
(43, 22, 'Komfort', 5),
(44, 22, 'Obsługa', 5),
(45, 23, 'Jedzenie', 5),
(46, 23, 'Czystość', 1),
(47, 24, 'Czystość', 3),
(48, 24, 'Lokalizacja', 1),
(49, 25, 'Czystość', 2),
(50, 25, 'Lokalizacja', 5),
(51, 26, 'Jedzenie', 4),
(52, 26, 'Jedzenie', 1),
(53, 27, 'Komfort', 1),
(54, 27, 'Jedzenie', 4),
(55, 28, 'Czystość', 3),
(56, 28, 'Komfort', 4),
(57, 29, 'Czystość', 3),
(58, 29, 'Lokalizacja', 4),
(59, 30, 'Lokalizacja', 5),
(60, 30, 'Czystość', 5),
(61, 31, 'Jedzenie', 2),
(62, 31, 'Lokalizacja', 4),
(63, 32, 'Czystość', 5),
(64, 32, 'Lokalizacja', 2),
(65, 33, 'Lokalizacja', 4),
(66, 33, 'Czystość', 5),
(67, 34, 'Czystość', 4),
(68, 34, 'Czystość', 1),
(69, 35, 'Komfort', 1),
(70, 35, 'Komfort', 4),
(71, 36, 'Czystość', 4),
(72, 36, 'Lokalizacja', 2),
(73, 37, 'Obsługa', 3),
(74, 37, 'Obsługa', 3),
(75, 38, 'Jedzenie', 4),
(76, 38, 'Lokalizacja', 5),
(77, 39, 'Czystość', 2),
(78, 39, 'Lokalizacja', 4),
(79, 40, 'Obsługa', 5),
(80, 40, 'Jedzenie', 2),
(81, 41, 'Obsługa', 5),
(82, 41, 'Czystość', 3),
(83, 42, 'Jedzenie', 2),
(84, 42, 'Komfort', 3),
(85, 43, 'Czystość', 1),
(86, 43, 'Czystość', 4),
(87, 44, 'Jedzenie', 1),
(88, 44, 'Lokalizacja', 1),
(89, 45, 'Obsługa', 3),
(90, 45, 'Czystość', 5),
(91, 46, 'Komfort', 1),
(92, 46, 'Komfort', 5),
(93, 47, 'Jedzenie', 1),
(94, 47, 'Komfort', 4),
(95, 48, 'Obsługa', 2),
(96, 48, 'Komfort', 5),
(97, 49, 'Obsługa', 4),
(98, 49, 'Czystość', 5),
(99, 50, 'Czystość', 1),
(100, 50, 'Lokalizacja', 4),
(101, 51, 'Lokalizacja', 3),
(102, 51, 'Obsługa', 2),
(103, 52, 'Komfort', 5),
(104, 52, 'Komfort', 5),
(105, 53, 'Obsługa', 3),
(106, 53, 'Obsługa', 2),
(107, 54, 'Lokalizacja', 5),
(108, 54, 'Jedzenie', 4),
(109, 55, 'Jedzenie', 2),
(110, 55, 'Lokalizacja', 4),
(111, 56, 'Obsługa', 1),
(112, 56, 'Obsługa', 3),
(113, 57, 'Czystość', 3),
(114, 57, 'Obsługa', 5),
(115, 58, 'Jedzenie', 4),
(116, 58, 'Jedzenie', 1),
(117, 59, 'Czystość', 2),
(118, 59, 'Czystość', 5),
(119, 60, 'Lokalizacja', 5),
(120, 60, 'Jedzenie', 2),
(121, 61, 'Czystość', 1),
(122, 61, 'Czystość', 1),
(123, 62, 'Czystość', 5),
(124, 62, 'Obsługa', 4),
(125, 63, 'Lokalizacja', 4),
(126, 63, 'Czystość', 2),
(127, 64, 'Lokalizacja', 3),
(128, 64, 'Obsługa', 3),
(129, 65, 'Komfort', 2),
(130, 65, 'Jedzenie', 4),
(131, 66, 'Komfort', 2),
(132, 66, 'Lokalizacja', 5),
(133, 67, 'Jedzenie', 4),
(134, 67, 'Jedzenie', 4),
(135, 68, 'Lokalizacja', 5),
(136, 68, 'Obsługa', 4),
(137, 69, 'Jedzenie', 4),
(138, 69, 'Czystość', 4),
(139, 70, 'Lokalizacja', 5),
(140, 70, 'Czystość', 4),
(141, 71, 'Lokalizacja', 5),
(142, 71, 'Obsługa', 1),
(143, 72, 'Lokalizacja', 2),
(144, 72, 'Komfort', 4),
(145, 73, 'Obsługa', 5),
(146, 73, 'Lokalizacja', 5),
(147, 74, 'Obsługa', 3),
(148, 74, 'Czystość', 3),
(149, 75, 'Komfort', 1),
(150, 75, 'Lokalizacja', 2),
(151, 76, 'Komfort', 5),
(152, 76, 'Czystość', 3),
(153, 77, 'Jedzenie', 3),
(154, 77, 'Lokalizacja', 4),
(155, 78, 'Obsługa', 3),
(156, 78, 'Komfort', 2),
(157, 79, 'Jedzenie', 4),
(158, 79, 'Jedzenie', 1),
(159, 80, 'Obsługa', 5),
(160, 80, 'Lokalizacja', 3),
(161, 81, 'Czystość', 4),
(162, 81, 'Lokalizacja', 2),
(163, 82, 'Jedzenie', 5),
(164, 82, 'Komfort', 4),
(165, 83, 'Lokalizacja', 1),
(166, 83, 'Jedzenie', 4),
(167, 84, 'Jedzenie', 3),
(168, 84, 'Czystość', 4),
(169, 85, 'Jedzenie', 2),
(170, 85, 'Obsługa', 1),
(171, 86, 'Komfort', 4),
(172, 86, 'Czystość', 5),
(173, 87, 'Jedzenie', 2),
(174, 87, 'Jedzenie', 3),
(175, 88, 'Jedzenie', 4),
(176, 88, 'Jedzenie', 4),
(177, 89, 'Lokalizacja', 5),
(178, 89, 'Jedzenie', 4),
(179, 90, 'Czystość', 5),
(180, 90, 'Jedzenie', 1),
(181, 91, 'Czystość', 3),
(182, 91, 'Lokalizacja', 1),
(183, 92, 'Lokalizacja', 2),
(184, 92, 'Komfort', 3),
(185, 93, 'Obsługa', 4),
(186, 93, 'Czystość', 3),
(187, 94, 'Jedzenie', 2),
(188, 94, 'Lokalizacja', 4),
(189, 95, 'Jedzenie', 2),
(190, 95, 'Czystość', 2),
(191, 96, 'Obsługa', 3),
(192, 96, 'Komfort', 5),
(193, 97, 'Jedzenie', 4),
(194, 97, 'Obsługa', 1),
(195, 98, 'Obsługa', 2),
(196, 98, 'Komfort', 4),
(197, 99, 'Czystość', 4),
(198, 99, 'Jedzenie', 3),
(199, 100, 'Komfort', 4),
(200, 100, 'Lokalizacja', 2),
(201, 101, 'Jedzenie', 5),
(202, 101, 'Obsługa', 1),
(203, 102, 'Czystość', 4),
(204, 102, 'Komfort', 5),
(205, 103, 'Lokalizacja', 2),
(206, 103, 'Lokalizacja', 5),
(207, 104, 'Komfort', 2),
(208, 104, 'Jedzenie', 4),
(209, 105, 'Obsługa', 3),
(210, 105, 'Obsługa', 5),
(211, 106, 'Lokalizacja', 1),
(212, 106, 'Jedzenie', 3),
(213, 107, 'Czystość', 3),
(214, 107, 'Czystość', 4),
(215, 108, 'Obsługa', 2),
(216, 108, 'Obsługa', 3),
(217, 109, 'Obsługa', 5),
(218, 109, 'Czystość', 2),
(219, 110, 'Lokalizacja', 2),
(220, 110, 'Jedzenie', 2),
(221, 111, 'Komfort', 2),
(222, 111, 'Jedzenie', 1),
(223, 112, 'Czystość', 5),
(224, 112, 'Obsługa', 3),
(225, 113, 'Czystość', 1),
(226, 113, 'Komfort', 2),
(227, 114, 'Jedzenie', 1),
(228, 114, 'Komfort', 1),
(229, 115, 'Komfort', 3),
(230, 115, 'Czystość', 4),
(231, 116, 'Lokalizacja', 5),
(232, 116, 'Jedzenie', 1),
(233, 117, 'Jedzenie', 5),
(234, 117, 'Obsługa', 3),
(235, 118, 'Lokalizacja', 2),
(236, 118, 'Jedzenie', 4),
(237, 119, 'Lokalizacja', 3),
(238, 119, 'Komfort', 1),
(239, 120, 'Czystość', 5),
(240, 120, 'Lokalizacja', 2),
(241, 121, 'Jedzenie', 1),
(242, 121, 'Lokalizacja', 5),
(243, 122, 'Obsługa', 5),
(244, 122, 'Obsługa', 4),
(245, 123, 'Komfort', 4),
(246, 123, 'Jedzenie', 1),
(247, 124, 'Obsługa', 1),
(248, 124, 'Czystość', 3),
(249, 125, 'Czystość', 1),
(250, 125, 'Obsługa', 2),
(251, 126, 'Lokalizacja', 2),
(252, 126, 'Czystość', 5),
(253, 127, 'Lokalizacja', 1),
(254, 127, 'Czystość', 3),
(255, 128, 'Jedzenie', 3),
(256, 128, 'Jedzenie', 4),
(257, 129, 'Jedzenie', 3),
(258, 129, 'Czystość', 1),
(259, 130, 'Lokalizacja', 2),
(260, 130, 'Lokalizacja', 2),
(261, 131, 'Lokalizacja', 2),
(262, 131, 'Lokalizacja', 5),
(263, 132, 'Lokalizacja', 3),
(264, 132, 'Lokalizacja', 5),
(265, 133, 'Jedzenie', 2),
(266, 133, 'Lokalizacja', 1),
(267, 134, 'Lokalizacja', 2),
(268, 134, 'Jedzenie', 5),
(269, 135, 'Obsługa', 2),
(270, 135, 'Komfort', 3),
(271, 136, 'Czystość', 2),
(272, 136, 'Lokalizacja', 3),
(273, 137, 'Czystość', 5),
(274, 137, 'Komfort', 5),
(275, 138, 'Jedzenie', 3),
(276, 138, 'Lokalizacja', 3),
(277, 139, 'Komfort', 5),
(278, 139, 'Czystość', 2),
(279, 140, 'Obsługa', 4),
(280, 140, 'Jedzenie', 2),
(281, 141, 'Obsługa', 1),
(282, 141, 'Obsługa', 2),
(283, 142, 'Jedzenie', 4),
(284, 142, 'Komfort', 5),
(285, 143, 'Jedzenie', 1),
(286, 143, 'Lokalizacja', 5),
(287, 144, 'Lokalizacja', 5),
(288, 144, 'Czystość', 1),
(289, 145, 'Lokalizacja', 3),
(290, 145, 'Jedzenie', 4),
(291, 146, 'Komfort', 4),
(292, 146, 'Komfort', 1),
(293, 147, 'Obsługa', 1),
(294, 147, 'Czystość', 2),
(295, 148, 'Komfort', 2),
(296, 148, 'Czystość', 2),
(297, 149, 'Lokalizacja', 4),
(298, 149, 'Lokalizacja', 1),
(299, 150, 'Komfort', 3),
(300, 150, 'Czystość', 1),
(301, 151, 'Lokalizacja', 1),
(302, 151, 'Komfort', 2),
(303, 152, 'Czystość', 3),
(304, 152, 'Jedzenie', 3),
(305, 153, 'Jedzenie', 2),
(306, 153, 'Lokalizacja', 5),
(307, 154, 'Lokalizacja', 3),
(308, 154, 'Jedzenie', 2),
(309, 155, 'Czystość', 2),
(310, 155, 'Jedzenie', 5),
(311, 156, 'Czystość', 3),
(312, 156, 'Lokalizacja', 5),
(313, 157, 'Obsługa', 3),
(314, 157, 'Jedzenie', 1),
(315, 158, 'Jedzenie', 4),
(316, 158, 'Komfort', 2),
(317, 159, 'Obsługa', 5),
(318, 159, 'Komfort', 3),
(319, 160, 'Jedzenie', 5),
(320, 160, 'Komfort', 4),
(321, 161, 'Czystość', 1),
(322, 161, 'Obsługa', 2),
(323, 162, 'Czystość', 5),
(324, 162, 'Komfort', 5),
(325, 163, 'Jedzenie', 1),
(326, 163, 'Lokalizacja', 3),
(327, 164, 'Obsługa', 3),
(328, 164, 'Czystość', 1),
(329, 165, 'Komfort', 4),
(330, 165, 'Jedzenie', 3),
(331, 166, 'Obsługa', 2),
(332, 166, 'Czystość', 3),
(333, 167, 'Komfort', 5),
(334, 167, 'Komfort', 3),
(335, 168, 'Lokalizacja', 5),
(336, 168, 'Lokalizacja', 3),
(337, 169, 'Lokalizacja', 1),
(338, 169, 'Obsługa', 4),
(339, 170, 'Czystość', 2),
(340, 170, 'Czystość', 1),
(341, 171, 'Obsługa', 1),
(342, 171, 'Obsługa', 1),
(343, 172, 'Komfort', 3),
(344, 172, 'Jedzenie', 4),
(345, 173, 'Lokalizacja', 1),
(346, 173, 'Obsługa', 2),
(347, 174, 'Czystość', 1),
(348, 174, 'Obsługa', 3),
(349, 175, 'Obsługa', 2),
(350, 175, 'Obsługa', 1),
(351, 176, 'Komfort', 5),
(352, 176, 'Czystość', 4),
(353, 177, 'Lokalizacja', 4),
(354, 177, 'Komfort', 2),
(355, 178, 'Obsługa', 1),
(356, 178, 'Czystość', 5),
(357, 179, 'Jedzenie', 5),
(358, 179, 'Czystość', 3),
(359, 180, 'Czystość', 5),
(360, 180, 'Obsługa', 1),
(361, 181, 'Komfort', 5),
(362, 181, 'Czystość', 1),
(363, 182, 'Jedzenie', 1),
(364, 182, 'Czystość', 1),
(365, 183, 'Czystość', 4),
(366, 183, 'Jedzenie', 4),
(367, 184, 'Lokalizacja', 3),
(368, 184, 'Obsługa', 1),
(369, 185, 'Komfort', 5),
(370, 185, 'Jedzenie', 5),
(371, 186, 'Czystość', 5),
(372, 186, 'Obsługa', 2),
(373, 187, 'Lokalizacja', 1),
(374, 187, 'Jedzenie', 2),
(375, 188, 'Lokalizacja', 2),
(376, 188, 'Jedzenie', 2),
(377, 189, 'Czystość', 5),
(378, 189, 'Jedzenie', 3),
(379, 190, 'Komfort', 5),
(380, 190, 'Lokalizacja', 4),
(381, 191, 'Jedzenie', 4),
(382, 191, 'Obsługa', 3),
(383, 192, 'Komfort', 4),
(384, 192, 'Jedzenie', 3),
(385, 193, 'Jedzenie', 2),
(386, 193, 'Komfort', 5),
(387, 194, 'Jedzenie', 4),
(388, 194, 'Obsługa', 5),
(389, 195, 'Lokalizacja', 4),
(390, 195, 'Czystość', 4),
(391, 196, 'Jedzenie', 2),
(392, 196, 'Obsługa', 4),
(393, 197, 'Czystość', 4),
(394, 197, 'Komfort', 5),
(395, 198, 'Lokalizacja', 1),
(396, 198, 'Jedzenie', 4),
(397, 199, 'Komfort', 1),
(398, 199, 'Czystość', 1),
(399, 200, 'Lokalizacja', 2),
(400, 200, 'Lokalizacja', 1),
(401, 201, 'Komfort', 4),
(402, 201, 'Komfort', 3),
(403, 202, 'Lokalizacja', 1),
(404, 202, 'Jedzenie', 1),
(405, 203, 'Komfort', 1),
(406, 203, 'Obsługa', 5),
(407, 204, 'Lokalizacja', 2),
(408, 204, 'Lokalizacja', 1),
(409, 205, 'Czystość', 1),
(410, 205, 'Komfort', 4),
(411, 206, 'Jedzenie', 3),
(412, 206, 'Obsługa', 3),
(413, 207, 'Czystość', 5),
(414, 207, 'Obsługa', 4),
(415, 208, 'Czystość', 1),
(416, 208, 'Czystość', 1),
(417, 209, 'Jedzenie', 5),
(418, 209, 'Komfort', 3),
(419, 210, 'Obsługa', 5),
(420, 210, 'Obsługa', 3),
(421, 211, 'Czystość', 4),
(422, 211, 'Komfort', 5),
(423, 212, 'Lokalizacja', 4),
(424, 212, 'Komfort', 2),
(425, 213, 'Lokalizacja', 3),
(426, 213, 'Obsługa', 3),
(427, 214, 'Obsługa', 5),
(428, 214, 'Jedzenie', 4),
(429, 215, 'Lokalizacja', 1),
(430, 215, 'Lokalizacja', 1),
(431, 216, 'Lokalizacja', 4),
(432, 216, 'Jedzenie', 5),
(433, 217, 'Komfort', 4),
(434, 217, 'Lokalizacja', 5),
(435, 218, 'Komfort', 5),
(436, 218, 'Jedzenie', 3),
(437, 219, 'Jedzenie', 4),
(438, 219, 'Obsługa', 4),
(439, 220, 'Obsługa', 4),
(440, 220, 'Obsługa', 2),
(441, 221, 'Komfort', 1),
(442, 221, 'Obsługa', 5),
(443, 222, 'Czystość', 5),
(444, 222, 'Lokalizacja', 2),
(445, 223, 'Komfort', 4),
(446, 223, 'Czystość', 3),
(447, 224, 'Lokalizacja', 4),
(448, 224, 'Jedzenie', 2),
(449, 225, 'Czystość', 4),
(450, 225, 'Jedzenie', 1),
(451, 226, 'Czystość', 2),
(452, 226, 'Komfort', 1),
(453, 227, 'Komfort', 4),
(454, 227, 'Komfort', 2),
(455, 228, 'Lokalizacja', 5),
(456, 228, 'Jedzenie', 1),
(457, 229, 'Lokalizacja', 1),
(458, 229, 'Komfort', 2),
(459, 230, 'Czystość', 1),
(460, 230, 'Czystość', 1),
(461, 231, 'Komfort', 3),
(462, 231, 'Lokalizacja', 1),
(463, 232, 'Czystość', 3),
(464, 232, 'Lokalizacja', 1),
(465, 233, 'Obsługa', 4),
(466, 233, 'Lokalizacja', 5),
(467, 234, 'Czystość', 4),
(468, 234, 'Obsługa', 5),
(469, 235, 'Obsługa', 2),
(470, 235, 'Jedzenie', 5),
(471, 236, 'Czystość', 1),
(472, 236, 'Jedzenie', 1),
(473, 237, 'Czystość', 3),
(474, 237, 'Czystość', 1),
(475, 238, 'Lokalizacja', 5),
(476, 238, 'Czystość', 2),
(477, 239, 'Jedzenie', 5),
(478, 239, 'Lokalizacja', 5),
(479, 240, 'Jedzenie', 2),
(480, 240, 'Jedzenie', 1),
(481, 241, 'Lokalizacja', 2),
(482, 241, 'Czystość', 3),
(483, 242, 'Obsługa', 2),
(484, 242, 'Czystość', 4),
(485, 243, 'Czystość', 5),
(486, 243, 'Jedzenie', 5),
(487, 244, 'Komfort', 2),
(488, 244, 'Jedzenie', 5),
(489, 245, 'Lokalizacja', 1),
(490, 245, 'Obsługa', 1),
(491, 246, 'Jedzenie', 4),
(492, 246, 'Lokalizacja', 4),
(493, 247, 'Komfort', 2),
(494, 247, 'Komfort', 3),
(495, 248, 'Obsługa', 5),
(496, 248, 'Lokalizacja', 2),
(497, 249, 'Czystość', 2),
(498, 249, 'Jedzenie', 5),
(499, 250, 'Obsługa', 4),
(500, 250, 'Czystość', 4),
(501, 251, 'Jedzenie', 4),
(502, 251, 'Czystość', 5),
(503, 252, 'Lokalizacja', 2),
(504, 252, 'Komfort', 1),
(505, 253, 'Komfort', 5),
(506, 253, 'Obsługa', 3),
(507, 254, 'Komfort', 2),
(508, 254, 'Lokalizacja', 5),
(509, 255, 'Czystość', 2),
(510, 255, 'Komfort', 5),
(511, 256, 'Lokalizacja', 4),
(512, 256, 'Czystość', 1),
(513, 257, 'Czystość', 4),
(514, 257, 'Lokalizacja', 1),
(515, 258, 'Jedzenie', 4),
(516, 258, 'Komfort', 1),
(517, 259, 'Czystość', 3),
(518, 259, 'Lokalizacja', 5),
(519, 260, 'Lokalizacja', 1),
(520, 260, 'Lokalizacja', 1),
(521, 261, 'Lokalizacja', 5),
(522, 261, 'Lokalizacja', 5),
(523, 262, 'Czystość', 3),
(524, 262, 'Komfort', 5),
(525, 263, 'Jedzenie', 3),
(526, 263, 'Czystość', 4),
(527, 264, 'Obsługa', 4),
(528, 264, 'Lokalizacja', 5),
(529, 265, 'Obsługa', 2),
(530, 265, 'Komfort', 2),
(531, 266, 'Komfort', 1),
(532, 266, 'Lokalizacja', 2),
(533, 267, 'Czystość', 3),
(534, 267, 'Lokalizacja', 2),
(535, 268, 'Lokalizacja', 2),
(536, 268, 'Komfort', 4),
(537, 269, 'Komfort', 2),
(538, 269, 'Obsługa', 3),
(539, 270, 'Jedzenie', 2),
(540, 270, 'Obsługa', 2),
(541, 271, 'Obsługa', 4),
(542, 271, 'Czystość', 2),
(543, 272, 'Czystość', 3),
(544, 272, 'Komfort', 4),
(545, 273, 'Lokalizacja', 1),
(546, 273, 'Lokalizacja', 2),
(547, 274, 'Komfort', 3),
(548, 274, 'Obsługa', 5),
(549, 275, 'Komfort', 4),
(550, 275, 'Obsługa', 3),
(551, 276, 'Jedzenie', 5),
(552, 276, 'Jedzenie', 1),
(553, 277, 'Komfort', 3),
(554, 277, 'Komfort', 5),
(555, 278, 'Komfort', 3),
(556, 278, 'Komfort', 5),
(557, 279, 'Komfort', 2),
(558, 279, 'Komfort', 1),
(559, 280, 'Lokalizacja', 1),
(560, 280, 'Lokalizacja', 4),
(561, 281, 'Lokalizacja', 1),
(562, 281, 'Lokalizacja', 3),
(563, 282, 'Obsługa', 4),
(564, 282, 'Obsługa', 2),
(565, 283, 'Czystość', 1),
(566, 283, 'Obsługa', 1),
(567, 284, 'Obsługa', 3),
(568, 284, 'Komfort', 5),
(569, 285, 'Obsługa', 4),
(570, 285, 'Jedzenie', 3),
(571, 286, 'Czystość', 4),
(572, 286, 'Jedzenie', 2),
(573, 287, 'Obsługa', 3),
(574, 287, 'Obsługa', 1),
(575, 288, 'Komfort', 1),
(576, 288, 'Lokalizacja', 1),
(577, 289, 'Jedzenie', 4),
(578, 289, 'Jedzenie', 1),
(579, 290, 'Czystość', 1),
(580, 290, 'Jedzenie', 2),
(581, 291, 'Jedzenie', 4),
(582, 291, 'Komfort', 4),
(583, 292, 'Jedzenie', 3),
(584, 292, 'Lokalizacja', 4),
(585, 293, 'Lokalizacja', 1),
(586, 293, 'Lokalizacja', 4),
(587, 294, 'Komfort', 4),
(588, 294, 'Lokalizacja', 3),
(589, 295, 'Komfort', 1),
(590, 295, 'Czystość', 2),
(591, 296, 'Jedzenie', 2),
(592, 296, 'Komfort', 3),
(593, 297, 'Lokalizacja', 3),
(594, 297, 'Obsługa', 1),
(595, 298, 'Lokalizacja', 3),
(596, 298, 'Lokalizacja', 1),
(597, 299, 'Komfort', 3),
(598, 299, 'Lokalizacja', 3),
(599, 300, 'Jedzenie', 3),
(600, 300, 'Lokalizacja', 4),
(601, 301, 'Komfort', 5),
(602, 301, 'Komfort', 1),
(603, 302, 'Jedzenie', 3),
(604, 302, 'Lokalizacja', 3),
(605, 303, 'Obsługa', 3),
(606, 303, 'Czystość', 3),
(607, 304, 'Obsługa', 3),
(608, 304, 'Komfort', 5),
(609, 305, 'Obsługa', 2),
(610, 305, 'Lokalizacja', 3),
(611, 306, 'Komfort', 4),
(612, 306, 'Jedzenie', 5),
(613, 307, 'Lokalizacja', 5),
(614, 307, 'Lokalizacja', 1),
(615, 308, 'Komfort', 1),
(616, 308, 'Czystość', 5),
(617, 309, 'Komfort', 4),
(618, 309, 'Lokalizacja', 2),
(619, 310, 'Komfort', 4),
(620, 310, 'Jedzenie', 3),
(621, 311, 'Jedzenie', 5),
(622, 311, 'Obsługa', 5),
(623, 312, 'Czystość', 3),
(624, 312, 'Jedzenie', 5),
(625, 313, 'Lokalizacja', 5),
(626, 313, 'Obsługa', 1),
(627, 314, 'Jedzenie', 5),
(628, 314, 'Czystość', 2),
(629, 315, 'Lokalizacja', 1),
(630, 315, 'Czystość', 1),
(631, 316, 'Czystość', 4),
(632, 316, 'Obsługa', 2),
(633, 317, 'Obsługa', 3),
(634, 317, 'Komfort', 2),
(635, 318, 'Czystość', 1),
(636, 318, 'Obsługa', 2),
(637, 319, 'Obsługa', 2),
(638, 319, 'Czystość', 5),
(639, 320, 'Jedzenie', 4),
(640, 320, 'Jedzenie', 2),
(641, 321, 'Jedzenie', 1),
(642, 321, 'Obsługa', 1),
(643, 322, 'Jedzenie', 2),
(644, 322, 'Lokalizacja', 1),
(645, 323, 'Czystość', 5),
(646, 323, 'Obsługa', 3),
(647, 324, 'Lokalizacja', 5),
(648, 324, 'Czystość', 2),
(649, 325, 'Lokalizacja', 1),
(650, 325, 'Lokalizacja', 2),
(651, 326, 'Komfort', 5),
(652, 326, 'Lokalizacja', 2),
(653, 327, 'Lokalizacja', 5),
(654, 327, 'Komfort', 3),
(655, 328, 'Komfort', 3),
(656, 328, 'Jedzenie', 3),
(657, 329, 'Komfort', 2),
(658, 329, 'Komfort', 1),
(659, 330, 'Komfort', 1),
(660, 330, 'Czystość', 3),
(661, 331, 'Obsługa', 1),
(662, 331, 'Jedzenie', 2),
(663, 332, 'Czystość', 1),
(664, 332, 'Komfort', 4),
(665, 333, 'Lokalizacja', 1),
(666, 333, 'Jedzenie', 3),
(667, 334, 'Czystość', 4),
(668, 334, 'Czystość', 2),
(669, 335, 'Jedzenie', 3),
(670, 335, 'Obsługa', 2),
(671, 336, 'Jedzenie', 2),
(672, 336, 'Obsługa', 4),
(673, 337, 'Komfort', 3),
(674, 337, 'Komfort', 5),
(675, 338, 'Lokalizacja', 4),
(676, 338, 'Komfort', 1),
(677, 339, 'Jedzenie', 2),
(678, 339, 'Jedzenie', 1),
(679, 340, 'Lokalizacja', 3),
(680, 340, 'Jedzenie', 1),
(681, 341, 'Komfort', 1),
(682, 341, 'Czystość', 4),
(683, 342, 'Komfort', 4),
(684, 342, 'Jedzenie', 1),
(685, 343, 'Czystość', 5),
(686, 343, 'Komfort', 4),
(687, 344, 'Lokalizacja', 1),
(688, 344, 'Obsługa', 2),
(689, 345, 'Czystość', 2),
(690, 345, 'Komfort', 2),
(691, 346, 'Komfort', 1),
(692, 346, 'Obsługa', 3),
(693, 347, 'Lokalizacja', 5),
(694, 347, 'Lokalizacja', 4),
(695, 348, 'Jedzenie', 1),
(696, 348, 'Komfort', 4),
(697, 349, 'Czystość', 3),
(698, 349, 'Komfort', 2),
(699, 350, 'Obsługa', 1),
(700, 350, 'Lokalizacja', 4),
(701, 351, 'Jedzenie', 3),
(702, 351, 'Lokalizacja', 4),
(703, 352, 'Komfort', 2),
(704, 352, 'Lokalizacja', 5),
(705, 353, 'Komfort', 5),
(706, 353, 'Jedzenie', 3),
(707, 354, 'Czystość', 3),
(708, 354, 'Komfort', 2),
(709, 355, 'Obsługa', 5),
(710, 355, 'Komfort', 3),
(711, 356, 'Obsługa', 5),
(712, 356, 'Jedzenie', 3),
(713, 357, 'Jedzenie', 4),
(714, 357, 'Czystość', 5),
(715, 358, 'Lokalizacja', 5),
(716, 358, 'Lokalizacja', 1),
(717, 359, 'Czystość', 3),
(718, 359, 'Lokalizacja', 1),
(719, 360, 'Komfort', 3),
(720, 360, 'Obsługa', 5),
(721, 361, 'Lokalizacja', 4),
(722, 361, 'Lokalizacja', 3),
(723, 362, 'Jedzenie', 4),
(724, 362, 'Lokalizacja', 4),
(725, 363, 'Lokalizacja', 4),
(726, 363, 'Obsługa', 3),
(727, 364, 'Obsługa', 3),
(728, 364, 'Jedzenie', 1),
(729, 365, 'Obsługa', 4),
(730, 365, 'Obsługa', 3),
(731, 366, 'Komfort', 1),
(732, 366, 'Czystość', 3),
(733, 367, 'Czystość', 2),
(734, 367, 'Lokalizacja', 2),
(735, 368, 'Komfort', 2),
(736, 368, 'Komfort', 5),
(737, 369, 'Obsługa', 1),
(738, 369, 'Komfort', 1),
(739, 370, 'Obsługa', 5),
(740, 370, 'Czystość', 5),
(741, 371, 'Czystość', 1),
(742, 371, 'Jedzenie', 1),
(743, 372, 'Jedzenie', 2),
(744, 372, 'Obsługa', 2),
(745, 373, 'Komfort', 5),
(746, 373, 'Lokalizacja', 2),
(747, 374, 'Komfort', 2),
(748, 374, 'Komfort', 3),
(749, 375, 'Komfort', 3),
(750, 375, 'Komfort', 4),
(751, 376, 'Komfort', 3),
(752, 376, 'Czystość', 2),
(753, 377, 'Lokalizacja', 1),
(754, 377, 'Czystość', 5),
(755, 378, 'Jedzenie', 4),
(756, 378, 'Komfort', 2),
(757, 379, 'Czystość', 5),
(758, 379, 'Jedzenie', 5),
(759, 380, 'Obsługa', 5),
(760, 380, 'Komfort', 1),
(761, 381, 'Obsługa', 5),
(762, 381, 'Jedzenie', 2),
(763, 382, 'Komfort', 2),
(764, 382, 'Czystość', 3),
(765, 383, 'Obsługa', 5),
(766, 383, 'Czystość', 2),
(767, 384, 'Obsługa', 3),
(768, 384, 'Lokalizacja', 2),
(769, 385, 'Obsługa', 1),
(770, 385, 'Czystość', 1),
(771, 386, 'Jedzenie', 2),
(772, 386, 'Komfort', 1),
(773, 387, 'Czystość', 1),
(774, 387, 'Jedzenie', 4),
(775, 388, 'Lokalizacja', 3),
(776, 388, 'Obsługa', 5),
(777, 389, 'Komfort', 3),
(778, 389, 'Jedzenie', 5),
(779, 390, 'Obsługa', 3),
(780, 390, 'Komfort', 4),
(781, 391, 'Czystość', 4),
(782, 391, 'Obsługa', 1),
(783, 392, 'Obsługa', 4),
(784, 392, 'Czystość', 4),
(785, 393, 'Komfort', 1),
(786, 393, 'Lokalizacja', 3),
(787, 394, 'Komfort', 2),
(788, 394, 'Obsługa', 5),
(789, 395, 'Obsługa', 2),
(790, 395, 'Czystość', 2),
(791, 396, 'Czystość', 1),
(792, 396, 'Czystość', 3),
(793, 397, 'Komfort', 3),
(794, 397, 'Komfort', 3),
(795, 398, 'Obsługa', 4),
(796, 398, 'Komfort', 5),
(797, 399, 'Obsługa', 2),
(798, 399, 'Jedzenie', 1),
(799, 400, 'Jedzenie', 3),
(800, 400, 'Obsługa', 4);
